id,pr01,pr02,pr03,pr04,pr05,pr06,pr07,pr08,pr09,pr10,co01,co02,co03,co04,co05,co06,co07,co08,co09,co10,ut01,ut02,ut03,ut04,ut05,ut06,ut07,ut08,ut09,ut10,ut11,ut12,fa01,fa02,fa03,fa04,fa05,fa06,fa07,fa08,fa09,fa10,de01,de02,de03,de04,de05,de06,de07,de08,de09,de10,de11,un01,un02,un03,un04,un05,un06,un07,un08,un09,un10,un11,un12
00XzIUUVmQ,3,3,3,2,3,2,3,2,2,2,2,3,3,4,2,3,2,2,2,3,3,2,3,3,3,2,3,3,2,2,2,3,2,2,3,2,3,3,3,3,3,2,3,3,3,2,3,2,3,3,4,3,2,3,2,3,3,3,3,2,2,2,3,3,3
0aABrq9MBY,3,3,3,3,2,2,3,3,4,3,3,3,4,2,2,3,3,2,3,2,4,3,2,3,2,3,2,3,3,2,2,4,2,3,3,3,3,2,3,2,2,2,2,3,3,3,3,3,2,3,2,3,3,3,2,1,1,3,3,3,3,1,3,2,2
0c6myGTrKr,3,3,3,3,1,4,3,4,3,3,3,3,4,4,3,4,1,2,2,3,4,3,4,3,3,4,4,3,3,2,3,4,3,2,3,3,3,4,3,2,3,2,3,3,4,2,4,3,3,3,3,4,2,3,3,3,3,4,2,2,3,4,3,3,3
0CS5iaAVos,3,3,3,3,2,3,3,2,3,2,2,2,2,4,2,4,1,1,1,2,5,4,5,4,5,4,5,4,3,4,4,3,4,4,1,2,3,3,3,2,4,4,3,3,3,0,3,3,3,3,3,3,3,2,2,3,3,3,1,2,3,2,2,2,3
0hrSDnMpUk,3,3,3,2,3,3,3,3,4,3,3,3,3,3,3,3,1,4,4,3,4,4,1,4,4,4,4,4,3,1,3,4,2,2,4,1,4,3,1,1,2,1,3,3,3,2,3,3,3,3,3,3,2,4,4,4,4,4,1,4,4,4,4,4,4
0iqSSzBl6e,4,3,1,0,4,5,5,4,4,4,4,3,4,5,4,3,1,5,4,5,5,5,5,5,3,5,4,5,4,2,2,2,2,0,2,2,4,2,3,2,1,3,3,4,5,2,5,3,3,5,5,3,1,3,3,5,3,4,1,4,4,4,3,4,4
0maEmGpULZ,3,3,5,3,4,4,3,4,4,3,3,3,4,4,4,4,1,2,3,3,5,5,3,4,4,4,4,4,4,2,4,4,3,2,1,2,3,4,2,2,2,3,4,4,3,0,5,4,4,4,5,4,4,4,4,4,3,4,4,3,4,4,4,3,4
0tQInW4G3B,1,1,1,2,1,3,2,4,3,3,2,1,2,3,2,2,3,1,2,1,4,3,4,3,3,3,3,3,3,1,1,3,3,3,0,0,3,0,1,3,3,4,3,2,2,3,4,0,3,1,4,3,4,3,2,2,2,3,1,1,4,1,2,3,3
0uZliSVPMZ,3,3,3,4,0,4,1,3,3,1,4,2,2,5,3,2,0,2,1,1,4,3,3,2,4,3,4,4,3,3,1,3,2,2,3,1,2,2,1,2,2,4,3,1,1,1,4,0,3,1,1,3,1,4,3,4,4,4,4,2,4,2,2,4,4
17jWtPKrPr,4,3,4,3,3,4,3,4,4,3,3,3,3,4,2,3,1,1,2,2,3,3,3,3,3,3,3,4,4,3,3,4,2,1,2,2,3,3,3,2,2,2,3,3,3,3,4,3,3,3,4,3,1,4,3,3,3,4,4,3,3,4,4,3,3
17XN2GOE6F,3,4,4,5,2,4,3,4,4,3,3,2,4,4,2,2,3,1,2,2,4,3,4,3,3,4,2,4,4,2,2,4,1,1,1,2,1,3,2,1,1,1,4,2,3,0,5,2,3,3,5,2,1,4,3,2,3,4,4,4,4,3,3,4,3
1anEmI3vYK,3,3,1,2,4,4,4,4,4,4,4,3,4,4,4,1,2,1,1,3,4,4,5,4,3,4,4,4,4,2,4,4,2,1,0,1,3,2,2,1,3,2,4,4,4,2,5,3,3,4,5,3,5,3,3,4,3,4,4,3,4,4,3,4,4
1d7CXSliMB,4,2,3,2,0,3,3,4,4,4,2,2,3,3,3,3,2,3,3,2,4,3,3,2,2,4,4,4,4,1,4,2,4,1,4,4,4,4,1,1,1,4,3,2,3,2,3,3,2,3,3,3,2,3,3,3,3,3,2,3,3,3,3,3,3
1fgBHEHq6T,3,3,3,3,3,3,3,3,2,3,3,3,3,3,3,2,2,1,2,2,3,3,4,3,3,3,3,3,3,3,3,3,3,3,2,2,3,3,3,3,3,3,3,3,2,2,3,3,3,3,3,3,3,3,3,3,3,3,3,3,3,3,3,3,3
1K9AZYhfrl,2,2,2,2,2,2,2,2,2,2,3,2,2,3,2,3,2,2,3,3,3,3,3,2,4,3,3,3,2,3,2,2,2,2,1,1,2,2,2,2,2,2,3,1,2,3,5,1,2,3,5,1,1,1,1,3,1,1,2,1,1,1,1,1,1
1Kr3AOODZh,4,2,2,2,3,4,4,3,4,4,3,3,3,4,3,4,1,2,3,4,4,4,3,4,4,3,4,4,4,3,2,4,3,2,2,2,2,3,1,2,2,2,1,3,2,3,3,1,2,3,2,2,1,4,3,4,3,3,2,2,4,4,3,4,3
1RDSEuWBwm,3,3,2,3,2,3,2,3,3,3,3,3,3,2,3,3,2,2,3,3,3,3,3,3,2,3,3,3,2,2,2,3,2,2,2,2,2,2,2,2,2,3,2,2,2,2,3,2,3,2,3,3,2,3,3,3,2,3,2,3,3,3,2,3,3
1RFZ3YYyia,3,3,4,4,2,3,1,3,3,3,0,2,3,3,0,0,1,0,0,1,4,3,3,4,2,3,2,1,1,1,1,1,2,1,2,0,2,2,2,3,2,2,2,1,0,0,3,2,3,2,3,2,3,2,2,4,3,3,0,0,3,3,3,4,1
1WjZ4KUvYG,4,4,4,4,3,5,4,4,3,3,0,3,3,5,4,4,1,0,3,3,5,5,5,5,4,5,4,5,5,1,4,4,1,2,0,0,3,3,2,4,2,4,3,2,4,1,5,3,4,4,5,3,1,5,4,3,4,4,4,3,4,3,3,4,5
1zVgfYnwfn,3,3,3,2,3,2,3,3,3,2,4,3,2,5,5,4,2,3,3,3,3,3,2,3,3,3,3,2,3,3,2,3,3,1,3,2,3,3,2,2,2,2,2,2,3,3,4,3,3,3,5,2,2,3,2,3,3,3,2,3,3,2,3,3,3
27sMU3wN3O,3,3,3,3,3,3,3,3,2,2,2,2,3,3,2,2,2,2,2,3,3,3,3,3,3,3,2,3,3,2,3,3,2,2,2,2,2,3,2,2,2,2,2,2,3,2,3,3,3,3,3,3,2,3,3,3,3,3,3,3,3,3,3,3,3
292nP1CpGq,3,4,3,4,2,3,2,2,3,1,2,2,3,3,2,2,2,2,2,3,3,3,4,3,3,3,3,3,3,3,3,3,3,3,1,2,3,3,3,3,3,3,1,3,1,1,3,3,3,3,3,2,2,3,3,3,3,3,1,1,2,1,3,1,3
2C5vqAxJUd,2,2,3,3,1,3,3,3,3,1,3,3,4,4,3,4,1,2,3,3,4,3,4,3,4,3,3,4,5,2,2,3,3,2,1,1,2,2,3,2,2,3,3,2,2,3,3,1,3,2,4,2,3,2,3,3,3,3,4,2,2,3,3,2,3
2F5efYz8hr,3,3,3,3,3,1,3,2,2,3,2,3,2,2,3,2,3,3,3,3,3,3,3,2,3,4,3,3,2,2,2,3,2,2,1,2,3,3,3,2,2,3,3,3,2,2,3,3,3,2,4,2,3,4,3,4,4,3,2,3,4,3,2,3,2
2kqeEL9CHv,4,2,4,3,2,3,3,4,3,3,2,3,3,4,2,3,1,2,3,2,4,3,3,3,3,3,3,3,4,2,3,3,3,3,2,2,3,3,3,2,4,3,3,2,1,1,4,1,3,3,3,3,2,4,1,3,2,3,1,1,3,3,2,3,3
2quJKHNAKL,1,3,1,4,0,1,1,3,1,4,3,4,4,5,4,4,0,2,3,2,5,1,4,3,4,5,2,4,0,2,3,2,3,0,0,3,4,3,2,1,0,4,0,0,4,0,5,3,2,2,4,2,1,4,2,5,0,5,0,1,2,0,4,1,0
3iQ7cjWIm6,2,3,3,2,4,3,3,3,2,4,1,1,3,4,1,0,4,1,0,0,5,5,5,5,5,4,4,2,1,4,5,5,1,2,4,1,2,1,3,5,2,2,3,2,2,1,4,4,1,4,4,3,4,5,3,2,4,3,4,1,5,1,2,5,5
3ks3QZaPmx,3,1,2,2,1,2,2,3,3,1,2,2,1,4,2,4,0,1,2,2,4,4,3,4,3,4,4,2,3,3,2,2,0,4,0,0,2,2,1,1,1,1,2,1,1,3,4,1,4,1,4,1,1,2,2,4,2,2,1,2,2,2,2,1,2
3N1zjFzb82,3,2,3,1,3,2,2,3,3,2,2,2,3,4,2,1,2,1,2,2,4,4,4,1,4,3,4,3,3,3,3,4,3,3,1,0,3,3,2,3,4,5,3,2,2,2,4,3,2,2,4,2,2,3,3,1,2,3,1,3,4,0,2,2,3
3PBVRnDHHV,4,2,3,2,3,4,3,3,3,3,3,4,3,3,3,2,1,2,2,3,5,4,5,3,3,5,4,2,5,2,5,5,2,2,2,2,2,3,2,2,2,3,3,2,2,2,5,2,5,3,5,2,2,4,2,4,4,4,2,3,3,0,3,3,4
3uVnF8WPVZ,3,3,4,1,3,4,4,4,3,4,3,0,4,5,4,1,5,4,4,4,4,4,4,1,4,4,4,4,4,1,4,4,0,0,1,1,0,3,1,1,0,4,4,3,0,4,4,4,1,4,4,3,0,3,4,5,3,4,4,1,3,3,3,4,4
3WSvl9SrqG,1,1,2,1,4,5,2,4,5,3,4,2,4,4,1,2,1,2,4,1,5,4,5,3,4,5,5,4,4,3,3,5,5,3,1,1,5,3,1,4,4,5,1,4,1,1,0,4,3,4,1,4,3,4,1,0,1,1,1,3,4,2,1,4,1
42YX9G92Qr,3,2,3,2,3,3,2,2,3,1,1,2,2,3,1,3,1,2,2,1,3,3,3,4,3,3,3,4,3,1,3,4,1,0,1,1,1,1,1,1,1,1,3,1,1,2,3,3,3,2,1,1,1,1,3,4,4,1,1,3,1,3,1,1,4
4f9W10V6rs,3,3,3,3,3,3,3,3,3,3,3,3,2,4,3,3,2,2,3,3,3,3,3,3,3,3,3,3,3,3,3,3,2,2,2,2,3,3,3,3,2,2,3,3,2,2,3,3,3,3,3,3,2,3,2,3,3,3,2,2,4,3,2,3,3
4FNyYiB2m7,4,3,3,3,3,4,2,4,3,3,1,1,4,4,1,1,1,2,1,1,5,4,4,3,4,3,1,4,4,1,4,4,1,2,1,1,1,2,2,2,1,4,1,0,1,1,4,3,3,1,4,1,1,3,2,3,3,3,1,2,2,2,2,2,2
4OOH0veBaG,3,1,3,4,0,3,1,3,4,1,1,3,4,5,2,0,1,1,1,0,4,3,4,4,4,4,4,3,3,2,0,5,3,3,0,0,2,0,2,3,1,4,3,1,0,2,4,1,3,4,4,0,2,4,3,3,3,3,4,3,2,0,2,2,2
4PS3dGM6uP,2,1,2,1,0,3,0,2,1,3,0,1,1,3,0,1,1,2,0,1,4,3,3,1,3,4,3,0,5,2,1,5,2,2,2,0,1,1,1,1,2,2,1,0,0,4,1,0,2,1,2,0,1,3,1,2,1,2,1,0,1,1,2,4,3
4qqUrRUpeN,2,3,2,2,2,3,3,2,2,3,3,3,3,3,3,3,3,3,3,3,3,3,2,3,2,2,3,3,3,2,2,2,3,3,3,3,3,2,2,2,2,3,2,2,2,2,3,2,2,3,3,2,2,3,3,3,3,2,2,3,3,3,2,3,2
4twihgKt66,2,3,2,2,3,3,3,2,3,3,2,2,3,3,2,3,2,2,2,2,3,2,4,3,3,3,3,3,2,3,3,3,2,2,3,2,2,3,3,5,3,3,2,2,2,2,4,4,4,2,3,2,3,1,1,0,1,0,0,0,0,0,1,0,2
4UTTkH0nJu,2,3,2,4,2,4,1,3,2,3,2,2,1,3,1,3,1,2,1,3,5,5,4,3,2,4,2,3,3,1,2,3,3,3,1,0,3,0,2,2,3,3,3,0,2,2,4,1,4,3,4,2,2,3,3,2,3,4,2,1,3,2,2,2,3
52ias4Hp6G,1,4,0,2,3,3,2,2,2,5,4,4,4,1,1,3,2,2,3,4,3,4,1,3,4,3,5,3,1,0,3,3,3,4,5,3,3,1,1,3,1,3,5,2,3,1,3,4,5,4,2,4,0,2,2,4,4,4,3,5,5,4,2,5,3
57iNTSlTke,3,3,4,3,3,4,3,3,4,3,3,2,3,4,2,4,1,1,1,3,5,5,5,5,3,5,5,5,5,3,4,5,1,0,0,1,2,1,4,0,1,2,3,4,3,1,4,3,3,4,4,3,3,4,4,4,4,4,5,3,4,4,4,4,4
5aN9ZjtkbN,3,1,3,2,0,5,3,3,3,1,3,2,3,3,3,2,1,1,1,2,5,5,5,4,4,5,4,5,4,3,1,5,2,0,0,1,2,3,3,2,2,2,3,2,1,2,4,0,3,2,2,3,1,2,2,2,2,3,1,2,2,2,2,2,3
5Be3ukVGKy,2,3,2,2,2,3,3,3,2,2,3,3,2,3,3,2,2,3,3,2,3,3,3,3,3,2,3,3,2,4,3,3,2,2,2,2,2,2,3,3,3,2,3,2,3,2,2,3,2,3,3,3,2,2,3,3,3,3,3,3,3,3,2,3,3
5c3yFSkAy8,3,3,3,3,2,3,2,3,3,3,4,3,3,3,2,3,2,2,2,3,3,3,3,1,2,4,4,4,3,4,1,4,1,2,1,3,1,1,3,1,1,2,4,2,3,2,4,1,3,3,3,3,3,5,3,3,3,4,4,4,4,3,2,4,4
5cKoJg26PJ,3,4,4,4,4,4,4,4,3,4,3,4,4,4,3,3,1,2,2,2,4,4,5,4,3,4,3,4,5,1,4,4,4,4,0,1,4,4,3,4,4,5,3,2,4,1,4,4,4,4,4,4,4,3,2,3,2,2,1,2,3,2,2,2,3
5cUyEml8aC,3,3,3,4,3,3,3,3,3,3,3,3,3,4,3,3,2,3,3,3,4,3,4,2,3,2,3,3,3,3,3,3,2,4,1,2,3,3,3,4,3,1,3,3,2,2,4,3,3,3,4,3,3,3,3,2,3,3,3,2,3,2,3,3,2
5DxhOpTkau,3,3,4,4,3,3,3,3,3,3,2,3,3,4,2,4,0,2,2,1,5,4,5,5,4,4,4,3,4,2,5,3,2,1,1,1,2,2,3,2,2,2,3,3,3,1,5,3,3,3,4,2,1,3,3,4,2,3,3,2,3,3,3,3,3
5Gp1ImpHd9,2,2,2,3,1,3,1,1,1,0,2,2,3,5,2,3,1,2,3,3,3,3,3,3,0,2,3,2,5,3,3,2,2,4,1,0,2,1,2,3,3,3,2,0,1,3,3,1,2,3,3,1,1,4,3,3,3,3,4,2,4,4,3,4,4
5LKHNYGhXh,4,1,5,3,3,1,4,5,5,4,4,4,4,4,3,1,0,1,4,1,5,5,5,5,1,3,5,5,4,0,4,5,4,5,0,1,4,4,4,4,5,5,1,2,1,0,4,3,3,4,5,4,4,3,0,1,1,2,5,0,1,1,0,0,0
5m4M2XIyjJ,1,1,3,2,1,3,1,3,2,2,1,1,3,4,1,2,4,1,1,1,4,4,4,3,4,4,2,4,3,1,1,4,1,2,1,1,2,2,2,2,2,2,3,1,0,1,4,1,3,2,4,1,2,4,5,5,4,5,5,5,5,5,5,5,5
5n0UsXGvA3,4,4,3,3,2,4,4,3,3,4,5,2,1,3,5,5,1,2,4,4,4,4,3,2,4,3,4,5,5,1,3,4,1,1,1,4,4,4,0,2,0,1,5,3,4,1,1,5,2,4,1,4,0,4,4,4,4,3,2,4,4,3,4,3,4
5svwlAueuh,3,3,3,4,1,5,2,3,3,2,3,1,3,5,2,4,2,2,1,1,5,4,4,4,4,4,3,4,3,1,1,3,1,1,0,1,2,1,3,2,0,1,3,1,1,2,5,1,3,3,4,2,2,4,2,3,3,4,3,3,3,4,2,3,4
62v4TBSJgK,3,4,4,4,4,4,3,3,3,2,1,2,1,4,1,2,1,1,1,2,3,4,5,4,3,3,3,4,4,1,4,3,4,4,1,2,4,3,4,4,4,4,2,3,1,1,1,3,2,4,4,2,3,3,2,1,2,3,2,2,2,2,2,2,2
6A9a5ry2Qg,3,3,3,3,4,4,3,3,3,2,3,2,3,4,2,2,2,2,2,2,3,3,3,3,3,4,3,3,3,2,4,3,3,3,2,2,3,3,3,3,4,3,3,3,2,1,3,3,4,3,3,3,2,2,3,1,2,3,1,1,2,3,1,3,3
6bZyQh4wwS,4,1,3,3,3,4,3,3,4,4,1,1,0,1,3,2,1,2,1,4,5,5,3,4,2,3,5,2,4,2,3,5,1,2,2,1,0,1,3,2,2,1,3,3,3,3,5,2,2,3,4,3,2,1,1,5,3,3,1,1,1,1,3,0,3
6CR0JBmqPm,2,3,2,3,2,3,3,3,3,3,1,1,3,3,1,3,2,3,1,3,4,3,3,3,2,3,3,3,3,3,3,3,1,2,2,1,1,1,2,2,1,2,1,1,1,2,3,2,2,1,3,1,1,0,0,2,0,0,0,0,1,0,0,0,0
6ILe2qG7co,1,2,1,2,1,3,1,4,2,1,2,1,3,4,1,2,1,2,1,2,3,4,3,4,1,4,4,4,4,0,1,4,1,2,1,0,1,2,3,3,1,3,1,1,1,3,5,1,3,3,4,3,2,2,1,3,1,1,1,1,1,2,1,1,3
6PE8whHsh2,3,3,3,2,3,3,2,3,3,3,3,3,3,3,3,3,2,3,3,3,3,3,2,3,3,3,3,3,3,2,3,3,3,2,3,3,3,3,2,2,2,3,3,3,2,2,4,3,2,3,5,3,3,3,3,3,3,3,2,3,3,3,3,3,3
6x73x6A7PB,2,1,2,4,0,0,0,0,3,1,0,4,0,4,0,0,1,0,0,2,0,0,2,2,0,0,1,1,0,0,2,0,4,5,0,0,3,2,0,5,4,5,0,0,0,4,0,0,1,0,5,0,1,5,3,1,3,4,2,2,4,5,3,3,4
6Xy3M9PQhf,2,2,2,2,2,2,2,3,2,2,2,2,3,3,2,2,1,2,2,2,3,3,3,2,1,2,2,3,0,2,2,1,1,1,1,1,1,1,2,2,3,2,2,1,2,3,2,1,2,2,3,0,2,2,2,2,2,3,2,2,2,2,1,1,2
75akBZ2cCk,2,3,2,2,2,2,2,3,2,2,3,3,2,2,3,3,2,3,3,2,3,3,3,3,3,3,3,3,3,3,2,3,2,2,2,1,2,2,2,2,3,3,3,2,2,2,3,2,2,2,3,2,2,1,2,3,1,1,1,1,1,4,2,1,1
7C64sA56mR,3,3,3,4,0,1,1,3,1,2,1,2,2,3,1,3,2,1,1,1,4,4,4,3,0,3,1,2,2,0,1,1,2,1,1,1,1,1,2,1,0,0,0,1,2,2,5,0,3,2,5,0,2,4,4,5,4,4,4,3,4,4,4,4,4
7DI6uVykBg,3,3,3,3,2,2,2,3,3,3,2,2,2,3,3,3,3,2,2,2,3,4,3,3,3,3,3,4,4,2,2,3,2,1,1,1,2,2,1,2,3,2,3,3,1,2,4,2,2,3,5,2,2,3,3,4,3,3,4,1,3,2,4,2,3
7eOT5lZQEB,4,3,4,3,1,4,3,4,3,3,3,3,3,4,1,2,3,1,2,2,3,5,5,5,4,5,4,4,3,1,3,4,3,3,1,2,1,4,4,4,3,0,1,3,3,1,5,1,4,3,5,3,4,4,4,4,3,3,3,4,3,3,3,4,4
7f2oQb1aUo,3,3,2,2,3,3,3,3,3,3,3,3,3,3,3,3,2,3,3,3,3,3,2,3,3,3,3,3,3,2,3,3,3,2,3,3,3,3,2,2,2,3,3,3,3,2,3,3,3,3,2,3,2,3,3,3,3,3,2,3,3,3,3,3,3
7GgkewMfFt,3,3,3,3,5,4,2,4,3,4,3,3,4,4,3,3,1,2,3,3,5,4,4,4,5,4,3,4,2,1,5,3,3,2,1,1,4,3,2,2,2,3,3,0,0,2,4,4,4,2,3,2,3,4,4,4,4,4,4,4,4,4,4,4,4
7HhfKTqNrj,5,5,0,0,5,5,5,5,5,5,1,5,5,5,5,5,0,0,5,5,5,5,5,3,5,5,5,5,5,0,5,5,2,0,0,0,0,5,0,0,0,0,0,5,0,0,5,2,5,0,5,0,0,5,5,5,5,5,5,5,5,5,5,5,5
7j3AIaEFRm,3,2,2,2,2,3,3,3,3,3,3,3,4,5,3,3,2,2,3,2,5,4,4,4,5,4,4,4,4,2,2,4,4,4,1,2,3,3,3,4,3,4,3,3,3,2,4,2,4,3,4,4,3,3,1,1,1,1,1,1,1,1,1,1,1
7LHU43cOcV,0,0,2,0,0,3,0,0,1,1,1,0,0,3,1,0,2,2,0,0,5,4,4,4,3,3,2,2,1,2,1,1,0,0,0,0,0,0,1,0,0,0,0,0,0,5,0,0,2,1,0,0,0,3,4,3,4,3,3,3,0,0,4,1,3
7td08uSsjV,4,4,4,4,4,4,4,4,4,3,4,4,4,4,3,4,1,1,3,3,4,4,5,3,5,3,4,4,3,2,4,4,4,2,2,2,4,3,2,2,3,4,3,4,4,1,5,4,3,4,5,3,3,4,3,4,3,3,5,3,3,4,3,3,3
7UIn26fTXL,3,3,3,3,1,4,4,3,3,3,3,3,2,4,2,3,1,3,2,3,4,4,3,4,4,4,5,3,4,2,1,3,4,1,1,3,3,2,3,2,1,4,4,2,2,1,4,2,4,4,3,3,3,4,4,4,4,4,3,4,4,2,4,3,4
7vt1HW09Ls,4,3,3,3,3,4,3,4,4,3,2,2,3,4,2,1,2,2,2,2,5,4,4,4,2,4,4,4,3,3,4,3,3,3,1,2,3,3,3,3,2,2,3,2,1,2,3,2,3,3,3,3,3,1,1,4,2,2,1,1,2,2,1,2,2
84DjHfSbZ8,4,4,4,3,4,4,4,4,4,4,4,4,4,5,4,4,1,3,4,4,5,5,5,4,4,4,5,4,4,2,4,4,4,2,3,3,3,4,4,2,2,3,4,4,4,2,5,4,4,4,5,4,4,3,3,2,3,3,3,3,3,3,3,3,3
8GZ2r4wnDi,3,4,2,3,1,3,2,2,3,2,2,2,3,3,1,2,1,1,1,3,5,4,4,4,4,5,2,3,5,1,2,4,3,4,2,1,3,2,2,2,3,4,3,2,1,2,4,1,3,2,4,2,2,3,3,0,1,3,1,1,3,1,1,3,3
8jPrxjJBbG,3,3,4,3,3,4,3,3,2,3,3,2,2,5,3,1,1,2,2,3,3,3,4,2,4,4,3,3,4,3,2,3,3,1,2,2,3,2,2,1,2,2,3,1,2,2,3,1,2,1,3,1,2,3,2,3,3,3,3,3,3,2,3,3,2
8mQ67yVVHV,3,3,2,2,3,3,2,2,3,2,5,0,0,2,1,4,0,4,3,3,4,2,3,4,1,3,3,4,5,2,2,4,1,3,3,3,4,4,1,4,1,0,2,4,2,4,4,3,3,3,2,2,3,2,1,1,3,1,2,4,3,4,3,1,3
8zGxt9GFrV,4,1,4,3,1,4,4,4,3,5,4,4,0,4,1,1,1,1,2,4,5,5,4,4,4,4,1,4,3,2,1,4,2,1,0,1,3,4,1,4,1,4,2,3,4,1,4,1,3,2,4,3,3,3,1,4,2,3,2,0,3,0,3,2,1
93gAEKkygE,3,4,4,4,1,4,3,1,2,3,3,4,2,1,2,2,0,3,2,3,2,1,3,1,2,1,1,2,1,4,1,2,2,3,2,2,2,2,2,4,3,1,4,4,2,2,3,3,1,3,1,1,3,1,4,1,1,1,3,2,1,2,1,4,1
97CkjDc1VC,3,3,1,3,3,3,2,3,2,3,3,2,2,3,3,2,3,3,2,3,3,3,3,2,2,2,3,3,3,3,2,2,3,3,2,3,2,2,0,2,2,2,3,2,3,5,2,3,1,1,2,2,4,2,2,2,2,1,4,3,1,3,3,3,2
9JMVlzTjPj,3,3,4,3,4,3,2,1,2,2,2,3,3,5,2,2,1,1,2,1,5,3,4,3,3,4,3,2,3,2,5,3,2,3,1,0,3,2,3,3,3,4,2,2,2,1,5,3,3,3,4,2,3,3,3,4,3,3,3,3,3,3,1,3,3
9mhyQBSpBH,3,3,2,2,2,3,2,3,2,2,2,2,3,3,2,2,2,3,4,3,2,2,2,2,2,3,3,2,3,3,3,3,3,2,4,2,2,3,2,2,3,2,2,3,3,3,3,3,2,2,3,2,3,3,2,3,3,4,3,3,3,3,2,4,3
9mPIK2zsgc,3,1,4,4,1,4,4,4,4,1,3,1,4,5,1,2,2,1,1,3,5,5,4,1,4,4,5,4,4,1,1,5,4,4,1,1,4,1,1,3,2,4,3,1,3,1,5,0,3,4,5,1,1,4,2,4,1,3,1,2,4,2,2,2,3
9PxMVEgIgX,2,3,2,2,2,4,2,3,1,1,3,3,3,1,2,3,3,4,1,3,3,3,4,4,4,5,3,2,3,3,4,5,3,2,1,3,4,3,4,2,4,3,4,2,4,2,3,2,4,3,2,4,1,4,4,4,4,4,4,3,3,4,4,4,4
9qAfBaDbG6,3,3,3,3,3,3,3,3,3,3,4,2,3,2,1,1,1,2,1,2,5,5,4,4,5,4,5,4,4,3,3,5,2,2,2,2,2,4,3,1,1,2,4,4,4,2,4,3,4,3,4,4,4,2,2,3,2,2,2,2,2,2,2,3,3
9qnKRL8wzM,5,5,4,4,1,5,5,5,3,5,5,5,5,5,5,5,0,3,3,5,5,5,5,5,5,5,5,5,5,0,5,5,5,0,5,3,5,5,3,3,3,5,3,4,5,0,5,2,2,5,5,5,3,3,2,2,2,2,0,2,1,2,2,2,2
9sPzp5mtke,4,2,4,3,4,5,3,4,4,4,2,4,4,5,3,5,0,2,2,3,5,5,5,3,4,5,4,5,5,4,4,4,3,0,1,3,1,4,4,2,4,1,4,4,3,1,5,4,4,4,5,4,3,4,3,4,3,4,2,4,4,4,2,3,4
9TJEgvJPsi,3,4,4,4,4,3,3,4,3,3,3,3,3,5,1,1,0,1,2,2,5,4,4,3,3,3,4,4,3,3,4,4,3,2,1,2,2,2,3,2,1,0,2,2,3,2,5,4,3,3,5,3,4,3,3,3,3,3,2,2,2,2,2,3,2
a0ZkD0fyb2,5,5,5,3,5,5,5,5,5,3,5,4,5,5,5,5,3,2,5,3,5,5,5,2,5,5,5,5,5,3,5,5,5,5,0,5,5,5,5,5,5,5,5,5,5,4,5,5,5,5,5,5,3,1,2,4,1,2,1,0,2,1,2,1,2
a3DFQSxlbN,3,2,4,3,2,2,2,3,3,3,2,1,2,2,1,1,3,0,0,2,4,4,4,2,3,3,2,3,3,1,2,3,2,2,1,1,1,1,2,2,2,2,2,1,2,2,3,2,3,3,3,2,3,4,4,5,4,4,4,3,3,4,3,4,4
A5ZbSiQdF2,0,2,2,5,0,3,3,3,1,3,0,0,1,5,0,0,1,0,0,0,4,4,4,4,0,3,0,1,1,0,3,3,2,2,3,1,2,1,4,1,2,2,1,2,0,1,4,0,2,0,4,1,1,3,3,3,2,3,4,1,3,3,1,3,4
Arf8pib9J0,2,2,2,2,2,3,3,3,3,2,2,1,3,2,2,2,2,2,2,2,3,3,3,3,1,3,2,3,2,2,1,1,1,2,1,1,3,2,2,2,2,1,2,3,1,2,3,1,2,3,2,1,2,2,2,2,2,2,2,1,2,2,2,2,2
aRFd1CjJx3,2,2,2,3,3,2,2,3,3,3,3,2,3,2,3,2,3,3,3,2,2,2,3,2,2,2,2,2,2,3,2,2,2,3,2,2,2,2,3,3,3,2,2,2,3,2,3,2,2,3,3,3,2,2,2,2,2,2,2,2,2,2,2,2,2
arkqxLwMN0,2,4,1,5,1,3,2,3,3,4,1,1,1,3,0,2,1,0,1,1,3,4,3,2,1,3,4,5,1,3,3,4,1,0,2,2,0,2,2,2,1,1,1,1,0,4,4,2,2,2,3,1,1,5,5,4,4,4,3,1,4,5,2,4,5
arL4OuyxJk,2,2,3,2,2,3,2,3,3,2,3,3,2,3,2,3,1,2,2,2,3,3,3,3,2,3,3,3,2,2,2,3,2,2,2,2,2,2,3,2,2,2,3,2,3,3,2,2,3,2,2,3,3,3,2,3,3,1,2,2,2,2,2,2,2
AvgzFU3p3P,3,2,3,2,3,3,2,3,1,3,2,2,2,3,1,3,2,2,2,3,5,3,4,3,3,2,1,4,3,2,3,5,2,2,2,2,2,3,3,2,2,2,2,3,2,1,4,3,2,3,3,3,3,3,2,2,3,2,2,2,3,2,2,3,3
aVnbIJrQtt,2,2,3,3,3,3,3,3,3,3,3,3,3,3,3,3,2,3,3,3,3,3,2,2,2,3,2,3,2,3,3,3,3,2,2,3,3,3,2,2,2,3,3,3,3,2,3,3,3,3,2,2,2,3,3,3,3,3,2,3,3,3,3,3,3
aVwSrNhrwQ,4,3,4,4,3,4,3,4,4,4,1,3,3,5,0,4,0,1,1,4,5,5,5,5,5,5,5,4,5,4,4,4,1,0,1,1,1,3,3,0,0,1,3,3,3,4,4,3,4,4,4,3,3,4,2,3,2,2,1,2,3,3,2,2,4
aWvqgjh3dY,2,2,3,4,0,2,2,3,3,3,3,3,1,3,2,1,0,2,2,2,3,2,3,2,2,3,3,3,1,1,0,1,2,2,3,2,2,1,1,1,4,3,1,2,1,4,3,1,2,1,4,0,3,1,0,0,2,0,5,0,0,0,1,1,2
AWxfhpLg8i,1,3,2,4,2,2,1,2,4,0,1,2,1,3,2,3,2,2,1,2,1,1,1,2,2,3,3,2,1,3,3,1,4,3,2,3,1,3,2,3,4,2,2,2,2,3,3,3,4,3,4,2,2,2,3,1,3,1,3,2,1,1,2,2,2
ax8ccn5nns,3,3,4,5,2,3,4,4,3,4,3,1,5,4,1,3,0,1,1,1,4,4,5,4,3,4,4,5,4,1,3,4,0,0,1,0,0,2,2,0,0,0,1,3,0,3,5,2,4,3,5,3,3,1,3,4,3,3,1,1,4,4,1,4,4
aYnNkRNNAq,3,3,3,2,3,3,3,3,3,3,3,3,3,3,3,3,2,3,3,3,3,3,3,3,3,3,3,3,3,2,3,3,2,2,3,2,3,3,2,2,2,2,3,2,3,2,3,3,3,3,3,3,2,3,3,3,3,3,2,3,3,3,3,3,3
b108114pAC,2,2,2,2,1,0,1,3,4,0,2,2,2,4,0,3,0,1,1,1,5,3,4,4,5,1,3,4,3,0,2,3,1,1,1,0,0,2,2,1,1,2,2,1,2,1,4,2,1,3,4,1,1,4,4,4,3,4,3,2,4,4,4,4,4
b1hVn9hrWJ,3,3,3,3,3,4,4,4,3,4,3,3,2,4,2,3,1,2,2,3,5,5,4,1,4,4,5,4,4,4,3,3,2,1,1,1,2,4,2,1,2,1,3,1,2,2,4,1,3,4,4,2,1,3,3,3,2,3,3,3,3,3,3,3,4
b6ilR4UDwu,1,0,2,2,0,2,1,0,0,0,1,1,1,1,1,1,2,2,1,2,4,3,3,2,1,0,2,1,2,1,1,0,2,1,1,1,2,2,3,1,1,2,0,0,0,4,2,2,2,1,2,2,2,4,4,4,4,4,3,4,2,4,2,4,4
B6K2ad0WQk,4,2,4,3,1,4,4,3,3,3,5,4,4,5,4,4,1,4,4,5,5,5,1,4,3,4,5,4,5,2,4,5,4,1,0,5,3,3,4,1,1,4,4,4,2,1,4,1,3,4,3,3,1,4,1,3,1,3,1,1,1,1,1,1,1
bAiiRIiaqY,3,4,4,3,2,4,2,3,3,4,2,2,2,3,2,3,1,2,2,3,3,3,2,3,2,4,2,3,4,2,2,3,2,1,1,2,1,3,1,2,3,3,3,2,2,2,4,2,3,3,4,2,3,3,4,4,4,4,4,3,4,4,3,5,4
bBq5RPgHtb,2,1,2,2,2,3,3,3,3,2,2,2,2,2,2,2,2,2,2,3,3,3,3,3,3,3,3,3,3,3,2,3,1,2,3,1,2,0,2,2,1,2,2,0,0,2,2,0,2,2,2,0,2,3,2,3,3,1,2,1,3,1,2,2,3
beV6gEaPiL,3,3,2,3,2,3,2,3,3,2,2,2,1,3,2,3,3,1,3,3,3,3,3,2,2,3,2,3,3,2,2,3,2,1,2,2,2,2,2,1,1,3,2,2,2,3,3,2,3,3,3,3,2,3,2,3,2,2,3,2,2,2,2,2,2
bFwa1RFcp7,3,3,4,4,2,2,1,3,2,2,3,2,2,3,2,2,1,0,1,4,4,4,4,2,3,4,2,3,4,2,2,4,2,3,1,0,3,3,2,1,3,3,2,0,2,2,4,2,3,2,5,2,3,5,5,4,4,5,5,4,5,4,4,5,4
BgLmwiiaLD,3,3,2,4,3,2,2,3,2,4,3,3,3,4,1,2,1,2,1,2,4,4,4,4,2,3,4,4,3,0,4,3,3,3,4,1,4,3,3,3,3,4,2,2,4,3,5,3,2,3,5,3,2,4,2,2,3,2,2,1,4,3,1,2,3
BgnswFV8sQ,3,3,3,3,0,3,2,3,3,3,2,2,3,3,2,2,2,2,2,2,3,3,3,3,3,3,3,3,3,2,2,3,2,2,2,2,2,2,2,2,2,2,3,0,2,2,3,2,3,3,3,0,2,2,2,3,2,2,2,2,2,2,2,2,2
biaRkwRoCl,3,3,5,5,5,5,5,5,3,3,0,3,5,5,3,2,1,0,0,3,5,5,5,4,5,5,5,3,4,3,5,2,3,5,0,0,3,0,3,5,5,5,1,2,3,2,5,3,3,3,5,3,4,0,0,0,2,2,0,0,0,0,0,0,3
biDh5hEcDD,3,2,4,3,3,4,3,3,3,3,1,1,4,3,1,3,3,1,1,0,5,4,5,4,4,4,3,4,5,2,5,5,3,1,1,0,2,4,3,2,3,2,3,2,2,1,4,3,3,2,4,3,3,2,2,4,3,2,1,1,2,2,2,2,2
BIEn5vnIsc,4,4,3,1,4,4,4,4,4,3,3,3,3,4,3,3,1,3,4,4,4,4,1,3,3,3,4,4,4,2,4,4,3,2,4,3,3,3,1,1,1,3,4,4,3,2,3,4,3,3,1,3,2,4,4,3,4,3,1,4,3,4,4,3,3
BKKAeKX6i4,3,4,3,3,4,4,3,4,3,2,2,2,3,4,2,2,1,1,2,1,3,3,3,4,4,4,3,4,4,1,4,4,3,3,2,1,3,0,2,3,3,3,2,3,3,2,4,4,4,3,4,4,1,4,2,4,2,3,3,1,4,4,3,1,4
boXH8yMofA,3,2,3,3,2,2,2,4,2,3,2,1,2,4,1,2,3,1,1,2,4,4,4,3,3,2,2,3,3,1,3,3,3,3,2,2,3,2,3,3,3,3,2,2,3,2,3,2,3,2,3,3,3,3,3,3,3,3,3,2,3,2,2,2,3
BRfezgCZyn,2,3,3,3,2,2,2,2,3,2,3,3,2,2,3,3,0,2,3,1,3,2,3,2,2,1,4,3,2,3,1,2,3,2,3,3,3,3,3,1,1,3,3,2,3,2,3,2,2,2,3,3,2,3,3,3,3,3,3,2,3,3,3,3,4
bte8e7Z6NJ,2,3,4,3,2,3,3,2,3,1,2,2,3,3,2,2,2,2,2,2,3,3,4,4,3,3,3,5,3,4,3,3,2,2,2,1,2,2,3,2,2,2,3,3,2,2,2,3,4,3,2,3,3,2,1,2,0,0,2,0,1,0,0,0,0
BUQCbt5bGo,3,4,3,2,3,3,3,3,3,3,3,3,3,3,2,3,3,2,2,3,4,2,4,2,2,3,3,2,2,3,3,3,2,3,3,2,3,3,3,2,3,2,3,3,2,3,3,2,2,2,3,3,0,2,2,2,2,2,3,2,2,2,2,3,3
bWlnaTjiC1,2,2,2,2,2,2,2,3,2,1,3,3,2,3,3,3,2,2,2,3,3,3,3,4,3,3,3,2,3,2,3,3,1,2,1,1,1,2,2,2,2,2,2,2,1,3,2,1,2,1,2,0,2,2,1,1,0,0,1,2,2,1,3,1,1
ByQbgttny5,4,4,1,3,3,2,0,2,2,3,1,2,2,4,2,3,1,2,2,4,5,5,4,4,4,4,4,4,4,2,3,4,2,0,2,0,2,3,2,1,1,0,4,3,2,1,3,2,2,2,1,2,1,3,3,4,3,3,1,2,3,1,2,3,3
C1hCP6GdAi,3,3,3,3,3,3,2,3,3,4,2,2,4,3,1,2,1,1,1,2,4,4,4,4,1,4,4,5,4,4,3,4,1,2,1,1,1,3,3,2,2,1,2,2,2,1,5,3,3,4,5,2,3,4,3,4,3,3,3,1,3,3,1,4,5
c6jGks9jiT,2,2,2,2,3,3,2,4,3,2,2,3,4,5,2,2,0,2,2,2,5,5,3,5,3,4,3,3,4,1,4,4,3,2,2,2,3,3,3,0,2,5,0,3,2,0,4,3,3,2,4,3,3,3,2,3,3,2,2,0,2,3,0,2,3
CBUAHmfxT7,2,3,4,3,3,2,3,3,3,3,2,4,3,2,3,4,1,3,2,3,4,3,4,4,4,3,2,2,4,4,3,3,2,2,2,3,3,2,3,2,3,2,3,3,2,5,4,3,4,2,4,4,1,3,4,3,2,3,4,3,4,3,4,3,4
CCLLXZmKFX,3,3,2,2,2,4,2,2,3,3,2,3,3,3,2,1,2,2,1,2,4,4,4,4,4,4,4,4,4,3,3,4,3,3,1,2,3,2,3,3,3,3,3,3,2,2,3,2,2,3,3,3,3,2,2,2,2,2,1,2,2,1,2,2,2
cDPkYVL8XK,2,2,3,3,1,2,1,3,3,3,1,2,2,4,1,1,0,1,1,0,3,3,3,3,2,3,4,3,2,2,2,3,1,1,3,1,1,2,2,3,1,2,3,2,3,2,3,1,2,1,3,1,1,3,0,1,0,0,1,0,2,0,0,0,0
cEhpXuWrOm,2,2,2,1,0,4,2,4,3,0,0,1,0,0,0,0,0,1,0,0,0,0,0,0,0,0,0,2,0,5,0,2,0,0,0,0,0,0,0,0,0,0,0,0,0,3,2,0,2,0,3,0,0,4,3,4,4,4,3,2,4,4,4,4,4
CmgiNuQfyp,2,2,3,4,0,0,3,2,3,3,1,0,3,3,1,0,4,2,1,2,4,3,3,3,2,2,4,4,3,3,0,2,3,2,3,0,2,2,0,3,3,4,2,0,2,4,4,0,2,0,3,0,0,3,3,0,3,3,3,0,5,1,1,3,3
Cnz4M0NWTH,4,3,3,3,5,4,4,3,3,3,3,3,3,3,3,3,0,2,4,2,5,5,5,0,5,4,3,4,4,3,5,4,3,1,0,0,2,2,3,1,1,2,2,3,2,1,5,5,4,3,3,3,3,3,3,4,4,3,4,3,3,3,3,4,4
cSzTg5LENR,2,2,3,2,2,4,2,3,2,2,2,2,3,3,2,2,2,2,2,3,3,2,3,3,2,3,2,3,2,2,3,3,1,2,1,2,2,1,2,2,2,2,3,3,1,2,3,1,3,3,4,1,2,3,3,3,3,3,3,3,3,3,3,3,3
ctActo4w67,4,3,4,3,3,3,3,4,3,3,3,4,4,2,3,3,1,1,3,2,5,5,5,5,5,4,5,4,3,5,2,5,4,3,1,1,4,5,3,3,4,2,3,2,3,2,4,1,4,4,4,3,4,4,3,5,3,3,3,3,3,2,3,3,3
cugy9zkPlK,3,3,4,4,1,4,2,3,4,1,0,0,4,3,0,1,0,0,0,0,4,3,4,3,3,4,4,3,4,2,2,4,0,0,0,0,0,0,0,0,0,3,3,0,0,2,4,0,3,1,4,0,2,4,2,3,4,3,1,1,4,2,1,2,1
CxRA9dbSiK,4,3,4,3,2,3,2,3,3,4,3,3,3,4,2,2,1,2,2,1,4,4,5,1,4,4,3,3,3,3,2,4,3,0,0,1,3,2,2,1,2,2,1,2,1,2,3,2,3,3,4,3,3,4,3,3,3,3,3,2,3,2,2,3,3
D2SJXznsSG,2,2,2,2,2,2,2,3,3,3,2,2,2,3,3,3,3,2,3,3,3,3,3,3,3,2,3,3,3,2,2,3,1,2,1,1,2,2,2,2,1,2,2,2,2,2,2,1,1,2,2,1,2,2,1,3,1,2,1,1,2,2,1,2,2
D49TrgdvWD,2,2,3,2,0,4,3,2,3,5,2,2,2,4,2,1,3,2,1,2,5,3,4,4,3,5,5,5,4,3,1,5,2,1,4,0,2,3,2,2,2,2,3,1,4,0,3,1,5,3,2,2,2,3,1,0,1,1,0,1,2,1,1,1,0
D7GV7o71AX,2,2,0,0,0,4,0,2,2,4,0,2,1,5,0,0,0,3,1,3,5,5,3,5,5,2,2,2,2,4,1,2,0,2,0,0,1,0,0,2,0,1,0,1,0,2,5,1,1,1,4,0,0,3,0,4,0,3,1,3,3,3,3,3,4
D8oTo54hC9,4,4,4,4,3,4,3,4,4,3,3,2,2,4,3,4,1,2,3,3,4,4,5,2,5,5,5,5,2,2,3,3,4,3,0,1,4,3,2,4,4,3,2,3,2,0,5,3,4,3,5,3,3,3,4,4,3,4,3,2,5,3,4,4,4
dBtvDRJJYT,3,3,4,3,2,3,3,3,3,3,2,1,3,4,1,2,5,2,3,3,3,4,4,4,3,4,3,3,3,3,2,3,2,1,0,0,2,3,3,1,1,1,3,1,0,1,5,2,2,3,4,2,1,3,2,3,2,3,3,1,4,3,3,3,3
DchEVHY7pA,2,2,3,3,0,2,2,3,3,4,2,2,3,4,1,1,4,0,0,3,4,4,4,5,3,2,3,4,3,3,2,3,1,4,2,1,4,1,3,4,4,4,3,2,2,1,4,2,2,3,4,1,2,3,1,1,3,2,0,0,3,0,2,3,3
ddBupPLSv2,2,3,2,3,1,2,2,3,3,3,2,2,1,3,2,1,2,1,1,1,4,3,4,3,2,3,4,4,2,2,2,5,1,2,1,1,2,2,2,2,2,2,3,3,2,1,3,2,3,2,2,2,1,3,2,3,2,3,2,1,2,1,1,1,3
DIxxqD2G2n,4,2,2,2,2,2,4,4,3,3,3,4,4,4,4,4,2,4,3,4,3,3,4,3,2,3,5,4,4,1,4,4,4,2,4,3,3,3,2,0,1,2,3,2,4,2,3,3,4,3,1,2,1,4,4,3,4,3,1,3,4,4,4,5,3
djOWqnY5tw,3,2,1,2,2,4,3,3,3,1,2,2,3,3,2,2,2,0,2,1,5,3,4,4,3,4,5,5,3,3,3,5,3,3,1,1,3,2,2,3,2,3,3,2,2,1,4,1,2,3,4,2,2,5,4,5,3,4,4,4,5,1,3,4,4
dmMiu2KO7e,5,1,5,1,3,4,5,4,4,4,5,3,5,5,5,2,2,1,5,2,5,5,5,1,4,5,4,4,5,4,4,5,4,3,0,1,4,4,5,4,4,5,4,4,3,0,5,4,4,5,5,3,1,5,4,4,5,5,4,4,5,4,1,5,4
dWW5OFeDvC,2,0,4,4,1,3,4,1,2,1,1,2,2,3,2,3,1,1,3,1,2,2,4,2,2,1,2,2,3,4,2,1,2,4,2,2,1,1,4,2,3,3,4,2,2,4,1,1,2,1,3,3,3,3,3,4,1,3,3,2,4,4,2,3,1
dyTvYdCDJ8,3,2,4,2,2,3,3,3,3,3,2,3,3,4,2,3,2,2,2,2,3,4,4,3,3,2,4,3,3,2,3,3,3,2,1,1,3,3,3,1,3,2,3,1,2,2,3,3,2,3,4,2,3,3,2,3,2,3,2,3,3,2,3,3,3
dyWCwP0cR4,4,2,4,5,2,3,4,4,3,4,3,4,4,5,1,3,1,1,1,1,5,4,5,4,4,5,4,4,4,2,3,4,3,4,0,1,3,2,3,4,3,3,4,3,1,0,5,2,3,3,4,1,4,4,4,4,4,4,3,4,4,1,1,5,3
DYymbGUKy4,1,1,1,2,1,3,1,2,1,2,1,2,2,3,1,1,0,1,1,0,4,2,2,2,3,3,2,1,2,1,3,2,2,2,5,0,2,1,1,2,2,2,2,0,0,1,2,1,3,1,1,0,1,3,1,2,3,1,1,0,3,1,0,2,3
Dz8Be0cKg9,3,3,3,3,3,2,3,2,2,3,3,3,2,3,2,2,2,2,2,2,2,2,3,2,2,2,2,2,2,2,2,2,2,2,3,2,2,2,2,2,3,2,2,2,2,3,3,2,3,2,3,2,2,3,3,2,3,3,3,3,2,3,2,3,3
E1JG5cwnGL,1,1,1,4,0,2,0,1,2,2,1,2,1,3,2,1,1,4,1,1,1,1,2,1,1,1,4,3,3,2,0,2,1,1,1,1,1,1,1,1,1,1,0,0,0,2,2,0,1,1,2,2,1,2,1,4,1,4,1,2,4,1,2,4,3
E2ms2EqAFX,2,2,3,3,3,3,0,3,0,3,3,3,4,5,3,4,0,3,3,3,5,5,3,5,3,5,3,3,5,3,5,3,0,0,0,0,0,1,2,1,0,0,1,2,1,0,5,3,3,2,5,1,3,5,3,5,3,4,3,3,5,4,4,5,5
EckZFtOsNt,0,4,1,1,4,4,0,0,4,4,3,1,1,2,2,3,3,1,2,2,3,3,0,3,2,3,4,3,3,0,3,3,1,4,1,1,1,1,4,3,4,1,0,0,0,5,5,4,0,0,5,0,5,2,2,2,3,4,4,3,4,2,2,1,3
EdCzjyLprn,3,3,4,3,3,3,2,3,3,3,1,1,3,4,1,1,1,0,0,0,3,4,5,3,3,3,4,4,3,3,3,3,3,1,0,0,0,3,2,2,1,2,3,3,2,2,4,3,3,3,4,1,2,4,3,4,3,3,3,3,4,4,3,3,4
edfP6uPquS,5,4,4,0,2,4,4,4,5,4,4,4,4,5,3,3,1,4,4,3,4,3,5,3,4,4,5,5,3,1,2,5,1,4,1,1,2,4,3,4,3,4,5,4,4,1,4,1,4,4,5,4,1,3,3,3,3,4,3,4,4,1,4,2,4
EeNnBIJDlo,3,2,3,4,2,3,2,3,2,2,1,2,1,1,2,2,4,1,1,2,0,1,4,0,1,0,1,0,1,5,0,1,1,4,0,1,2,2,4,4,4,1,3,2,0,3,0,2,0,2,4,3,3,0,0,1,1,0,5,1,1,1,1,1,0
EfDb76QSWJ,2,1,4,2,1,4,3,1,2,3,1,2,1,3,1,4,1,4,1,1,4,4,4,3,4,4,4,4,4,4,1,1,1,1,2,1,3,3,2,2,2,3,1,2,1,1,4,1,3,1,4,1,2,1,2,4,2,2,1,1,1,3,2,1,1
EhekF0aOMg,3,4,4,3,3,4,3,3,4,2,3,3,4,4,4,3,2,4,3,4,4,4,4,4,3,4,3,3,3,1,3,3,2,3,2,1,3,3,2,3,2,4,3,2,2,1,3,2,4,3,4,2,2,2,1,2,1,2,1,2,3,1,1,1,3
El5WhPcmov,3,2,3,3,1,3,2,4,3,4,2,2,2,4,2,4,0,1,2,2,4,4,5,2,5,4,4,3,4,3,3,4,2,2,2,1,2,2,3,2,3,2,3,2,1,0,5,3,3,2,5,3,0,4,3,3,4,4,4,4,4,4,4,4,4
EnW2W5CbGV,2,2,1,1,2,3,2,3,3,2,2,2,2,2,2,3,2,2,2,3,3,3,3,3,3,3,3,3,3,2,2,1,2,2,2,2,2,2,2,1,2,3,3,2,2,3,3,2,2,3,3,2,2,1,1,2,1,2,1,2,3,2,1,3,1
eOUVf60lrb,3,3,4,1,2,3,3,3,3,4,1,3,3,1,1,2,3,2,2,1,5,3,4,3,4,2,2,2,3,2,2,3,2,2,2,1,3,2,3,3,2,2,1,3,2,3,4,2,2,1,4,4,3,2,1,1,2,2,1,1,1,1,2,1,2
eoZXILVYyf,4,3,3,3,3,4,2,4,4,3,3,3,3,3,3,2,2,2,2,2,4,4,4,1,3,4,4,5,3,3,4,4,2,3,1,2,2,3,1,3,3,3,2,2,2,2,4,3,3,3,4,3,3,2,2,2,2,2,2,2,3,2,3,1,2
EQHaqVFpyk,4,3,3,1,1,5,3,4,1,1,4,2,4,4,4,4,0,3,4,3,5,4,5,3,0,5,5,5,4,5,1,1,3,5,2,4,4,2,1,0,1,5,0,1,3,2,1,2,4,1,1,4,0,3,0,2,3,2,0,1,0,0,0,0,0
Er2eYMpCxb,2,3,3,4,2,4,3,3,3,1,1,1,3,3,0,3,0,0,0,3,4,2,4,2,2,4,3,3,3,2,2,2,1,0,1,1,1,1,1,1,0,5,2,2,2,2,4,2,4,2,4,1,1,4,4,4,4,4,3,2,4,4,3,3,4
es0gEtNvzp,5,5,0,0,5,5,4,5,5,5,5,4,5,1,5,1,0,5,5,5,4,3,0,3,5,3,5,5,2,3,3,4,5,2,2,1,1,4,1,1,2,3,5,5,0,0,5,5,5,4,5,5,3,4,3,2,5,3,2,5,5,3,2,5,5
ESu2rLYlXB,0,0,3,0,0,1,0,0,0,4,0,0,2,5,0,2,0,0,0,5,5,2,2,0,0,0,1,0,0,1,0,3,0,0,0,0,1,0,1,0,5,0,2,0,0,5,1,0,2,0,0,0,0,4,5,5,5,5,3,0,5,0,5,2,5
eZQ7yJZtqb,3,2,3,4,1,3,2,3,4,1,2,2,3,4,1,2,3,2,1,2,4,4,5,3,2,0,1,3,4,0,1,3,2,1,1,1,2,1,2,2,2,2,3,1,1,2,4,1,2,3,4,1,1,3,3,3,3,3,4,2,4,3,3,3,4
EZvcwPOLkM,4,4,1,2,5,5,5,3,4,3,4,3,4,5,3,3,1,0,3,3,5,5,5,4,5,4,1,5,4,2,5,5,3,2,0,2,3,4,4,3,3,4,2,4,4,0,5,4,4,5,4,4,3,4,5,5,4,5,4,3,4,4,3,5,4
f8uMo1yIFt,2,3,2,2,2,2,1,3,3,3,2,3,3,3,3,3,1,3,2,3,3,3,3,3,2,2,3,3,1,1,2,2,1,2,1,1,2,1,1,2,2,2,2,1,2,2,2,1,2,2,1,1,2,4,4,4,4,4,4,2,4,4,4,4,4
fdZFbzEDK7,5,4,5,5,0,5,5,4,4,4,4,4,4,4,4,4,1,2,3,3,5,5,5,0,5,5,5,5,5,0,0,5,3,1,0,0,4,5,5,1,2,4,5,4,0,2,5,0,4,3,5,0,1,4,4,4,3,4,4,4,4,4,4,4,4
FEDIGMfb4g,3,3,3,3,3,3,3,3,3,3,2,3,3,5,2,3,2,2,2,2,5,5,4,4,5,5,5,4,3,3,4,4,2,0,2,2,3,3,3,1,1,2,2,3,3,2,4,3,4,3,3,3,1,4,4,5,3,3,3,2,3,3,3,3,3
FfZfBmkvjQ,1,1,2,2,1,2,2,2,2,2,2,2,2,3,2,1,2,2,2,2,3,3,3,2,2,2,3,2,3,2,2,1,1,2,2,2,2,2,2,3,3,3,2,1,2,3,2,2,2,2,1,2,3,3,2,4,4,3,2,2,2,2,3,3,4
fH8DVJctox,0,3,4,5,3,1,1,2,2,2,0,0,1,3,0,2,1,3,2,0,2,2,3,1,3,0,2,1,3,3,1,1,0,1,1,3,0,0,3,2,2,3,1,2,0,3,3,2,1,1,4,0,5,0,0,1,0,1,0,1,3,0,0,2,1
fJJiOooosa,3,3,4,4,3,3,4,4,4,1,3,2,2,4,1,4,1,0,1,3,4,5,4,4,3,3,4,4,4,3,2,3,4,1,1,1,4,3,3,5,4,4,1,3,1,1,5,3,1,3,5,2,1,3,1,3,1,3,2,1,2,3,3,1,3
flSqnz4c6n,2,3,2,3,0,3,2,2,2,2,2,1,1,3,2,3,3,1,2,2,3,3,4,3,3,3,3,3,3,2,0,3,1,3,1,1,1,1,2,2,2,3,1,0,0,3,2,0,2,2,2,0,2,2,2,3,2,2,2,1,1,1,2,2,1
Fmdof1u9vP,3,2,2,2,2,2,3,3,3,4,2,2,2,2,2,1,3,3,3,1,4,4,3,2,3,3,2,4,4,3,4,3,2,2,1,1,2,2,3,2,2,2,3,3,3,2,3,2,2,3,3,2,4,3,1,3,3,2,1,1,2,1,1,3,2
foBYE8ZZmi,3,2,2,3,2,2,2,3,3,3,2,3,2,4,2,3,2,1,2,2,5,5,4,2,4,2,5,5,3,4,3,4,2,2,0,1,2,2,2,1,3,3,2,2,2,2,3,2,2,2,2,2,3,3,3,4,2,4,2,1,3,2,1,2,2
FsFEB1Pv0s,4,4,5,5,4,5,4,4,3,3,5,4,5,5,0,0,0,0,2,5,5,5,5,5,5,4,5,2,5,5,5,5,5,2,0,1,4,4,4,1,2,5,2,2,2,2,5,5,4,3,5,4,4,4,4,5,4,4,1,2,4,4,3,4,5
ftPlOciWWJ,2,5,2,4,2,3,1,4,2,4,1,2,4,2,0,0,0,0,1,0,4,3,4,1,2,2,5,3,0,3,0,2,3,4,0,3,4,2,3,4,4,5,3,3,1,2,4,1,2,4,4,4,0,4,3,4,2,4,3,3,3,2,2,3,4
fV4N2zC4mR,3,3,3,4,1,3,1,3,4,3,2,2,3,4,2,1,1,2,2,1,3,4,5,3,2,3,5,5,1,4,2,3,2,1,2,0,2,3,3,1,1,3,3,0,0,1,5,2,2,3,5,0,3,3,2,4,3,3,2,0,4,2,1,3,2
FzAakmSJXY,3,1,3,1,2,2,3,4,3,4,2,3,3,4,2,2,3,1,1,2,5,5,5,4,4,4,4,4,3,4,2,4,4,4,1,2,4,4,3,3,3,3,4,3,2,1,4,2,3,3,4,3,2,2,2,3,2,2,1,2,2,1,1,1,1
fZtGHrlnRg,3,4,3,4,2,5,4,4,3,3,4,4,3,5,3,3,2,1,2,3,5,4,5,4,5,5,4,5,4,4,0,5,1,1,4,1,2,3,3,2,2,1,3,3,4,1,4,2,5,3,1,4,4,3,3,4,3,3,3,2,3,3,2,2,2
g3R5aiT3sz,2,2,2,2,2,2,2,2,2,2,2,2,2,3,2,2,2,3,2,2,2,2,2,3,2,2,2,2,2,2,2,2,2,2,2,2,2,2,2,2,2,2,2,2,2,3,2,2,2,2,2,2,3,3,2,3,2,3,2,3,2,2,2,2,2
G70zNZZCwQ,4,3,2,2,1,4,3,3,3,3,4,4,4,4,4,4,2,4,4,4,4,4,2,3,4,4,4,4,4,1,4,3,1,2,3,1,3,3,2,2,4,3,3,3,3,2,3,3,3,3,4,3,2,3,3,3,3,3,2,3,3,3,3,3,3
G9UygPe2hT,2,3,2,4,4,2,3,2,3,3,3,4,4,5,1,3,1,1,1,2,5,5,5,4,5,5,4,4,5,4,5,5,4,4,0,2,4,3,4,4,2,5,4,4,3,2,4,4,4,4,5,4,4,2,3,4,3,4,4,2,3,2,2,3,3
GA7MRqIKsH,2,2,2,2,2,2,2,2,3,3,2,2,2,3,2,3,2,1,1,2,3,3,3,3,3,2,2,3,3,2,1,2,2,2,1,1,1,2,2,2,3,2,2,1,2,2,3,2,2,2,3,1,2,3,3,3,3,3,3,2,3,2,2,2,3
GAyJnq0f19,3,3,3,3,2,3,4,4,3,3,3,3,4,4,3,3,2,1,2,3,4,5,4,3,3,4,4,4,4,3,3,4,3,3,3,2,3,3,3,3,3,3,3,2,2,1,5,2,3,3,4,3,2,3,3,3,3,3,3,2,4,2,3,2,3
GAYofWzaql,2,3,2,3,1,3,1,2,3,2,3,4,3,3,2,2,2,3,2,3,2,2,1,2,2,2,1,3,2,1,1,3,1,2,1,1,1,2,1,2,2,1,2,1,2,2,2,0,2,1,1,1,1,2,2,2,2,2,1,2,2,2,2,2,2
gE9hPWgAs7,1,2,2,3,3,4,3,2,2,4,3,3,2,3,1,3,2,4,3,2,4,3,4,2,3,4,4,3,2,3,3,3,2,3,2,4,3,3,3,2,1,2,2,2,3,2,2,3,2,2,4,2,1,3,4,4,3,4,4,3,1,3,4,2,3
GG8EUisetL,4,4,3,4,3,3,2,4,4,4,3,4,4,5,3,3,2,2,4,4,5,5,5,4,4,3,5,4,3,3,3,3,2,2,1,2,2,3,3,2,2,3,3,2,3,1,5,4,4,4,5,2,4,4,3,4,3,4,4,3,4,3,3,3,4
gGRvjlES0A,2,3,3,3,2,3,3,3,3,3,3,2,3,3,2,3,2,2,2,2,3,3,3,3,2,3,3,3,3,2,3,3,2,1,2,2,2,2,3,2,2,2,2,2,2,2,2,2,2,3,2,2,2,3,2,3,2,2,3,2,2,3,3,2,3
gHRNg65f44,4,3,4,3,3,1,3,3,4,2,3,2,3,3,3,2,2,1,1,3,4,5,5,3,3,5,4,4,4,3,3,4,3,2,0,2,3,3,4,4,3,3,3,4,3,2,4,3,3,2,4,2,3,3,2,3,2,3,4,3,4,3,3,2,3
gLotlhxoAG,3,3,3,3,4,3,3,3,2,2,3,2,4,4,2,3,4,1,1,4,4,3,4,4,4,3,3,3,4,2,4,3,4,4,2,1,4,3,2,4,4,4,3,1,3,2,4,4,3,2,4,3,3,3,2,1,1,3,1,1,4,1,2,1,3
GlzbQxzV8E,2,2,3,4,2,2,2,2,2,2,2,2,3,3,2,1,1,1,1,2,4,4,3,3,3,3,4,4,3,2,2,4,3,3,3,2,3,2,4,4,3,3,2,3,2,2,3,2,2,2,3,2,2,3,2,3,2,2,2,2,2,3,1,2,2
gmTIVFdAeV,4,3,4,4,4,4,5,3,3,3,3,4,4,3,4,5,0,1,4,3,4,4,4,3,3,4,5,4,3,3,4,3,3,3,4,2,3,3,3,3,4,3,1,2,2,1,4,4,2,3,4,2,3,3,3,1,3,3,2,2,2,2,1,3,3
gnuwykPiGA,3,3,3,3,3,3,3,3,3,3,3,3,3,3,3,3,1,2,3,3,4,4,3,3,4,3,3,3,3,2,3,3,3,2,2,2,3,3,2,3,2,2,1,2,2,1,4,3,3,2,3,2,1,3,3,3,3,3,3,3,3,3,2,2,3
gS3t89rW4v,3,3,2,2,3,3,3,3,3,3,3,3,3,3,3,3,2,3,3,3,3,3,2,3,3,3,3,3,3,2,2,3,3,2,3,2,2,3,2,2,2,3,3,3,3,2,3,3,3,3,3,3,2,3,3,3,3,2,2,3,3,3,3,2,3
Gsj3igkga6,2,2,2,3,3,2,2,3,2,2,2,1,2,3,2,2,0,2,2,2,3,3,3,2,3,3,2,2,3,2,3,2,2,1,2,2,2,2,4,2,2,3,3,2,2,2,5,2,3,3,5,2,1,2,1,2,1,1,1,2,2,2,1,1,2
GuO0GwvmJN,4,4,1,1,4,4,4,4,4,4,4,4,4,4,4,4,1,4,4,4,4,4,1,4,4,4,4,4,4,1,4,4,4,1,4,4,4,4,1,1,1,4,4,4,4,1,4,4,4,4,1,4,1,4,4,4,4,4,1,4,4,4,4,4,4
gVHUxt5y74,3,4,2,2,4,3,4,3,4,3,4,2,2,2,2,2,1,4,2,2,4,3,1,3,4,3,3,4,3,2,3,4,1,2,3,1,4,4,1,4,4,1,2,2,3,3,4,2,2,2,3,4,3,1,0,0,0,3,2,0,0,0,3,1,1
gYGut8i9gw,4,4,4,4,3,4,4,4,3,4,3,3,2,4,2,3,2,2,2,3,4,4,4,4,4,4,4,4,4,4,4,4,3,1,1,2,1,3,2,1,1,4,1,1,3,2,4,3,2,4,4,3,3,4,4,2,4,4,4,4,4,4,4,4,4
GYlJuh1QLU,3,3,3,4,3,3,3,4,4,3,1,1,3,0,2,3,0,1,2,0,5,5,5,4,4,5,5,5,5,3,4,3,3,2,1,1,3,4,3,2,5,2,4,2,2,0,5,3,3,4,5,3,3,3,3,4,3,3,2,0,3,3,0,2,3
H4r1N0pVZB,2,2,2,2,2,3,3,3,1,3,2,3,2,3,3,1,3,2,2,2,3,3,3,3,3,3,3,2,2,2,2,2,2,1,3,2,1,2,2,3,3,5,2,0,2,3,2,0,0,0,2,2,5,2,1,1,4,2,3,2,4,2,1,2,1
H8ydzn5vQy,4,3,1,3,4,4,4,4,4,4,2,2,4,5,3,3,1,2,2,4,4,4,4,4,2,4,4,2,2,4,4,4,4,2,2,4,4,4,3,4,4,4,2,3,2,1,5,4,2,4,5,2,3,2,2,0,2,2,1,2,2,1,2,2,2
HcGwdcceyL,2,3,3,2,1,3,2,2,3,2,4,3,4,4,2,1,2,2,2,2,4,4,3,3,4,4,3,4,3,4,1,3,3,2,3,3,3,3,2,3,2,3,2,1,3,2,3,2,3,3,3,3,3,3,1,2,2,2,2,2,2,2,2,2,3
hKjljHLfKv,3,3,2,2,3,3,3,3,3,3,3,3,3,3,3,3,2,3,3,3,3,3,3,3,3,3,3,3,3,2,3,3,2,2,0,0,2,3,2,2,0,2,3,3,3,3,2,2,3,2,0,3,1,2,1,4,1,1,1,1,1,1,1,1,1
Hm7LqxLE62,2,3,2,2,2,2,2,3,3,2,2,2,3,3,2,3,1,3,2,3,3,3,2,2,3,3,3,3,2,3,2,2,2,1,0,2,1,2,1,1,2,2,3,2,1,2,4,2,2,2,4,2,2,3,3,3,3,3,2,2,3,2,3,3,3
HNGwMYA8Oa,1,2,4,4,2,4,4,4,4,3,3,3,4,4,1,3,1,1,1,3,4,4,5,4,4,4,4,4,5,1,1,4,5,4,2,2,5,4,4,3,4,3,2,4,2,4,4,2,4,3,3,2,3,3,3,4,3,4,2,3,3,3,3,4,3
hsfuvPceeG,3,2,2,3,2,3,3,3,3,3,3,3,3,4,3,3,1,2,3,2,4,4,3,4,4,3,2,4,4,2,4,3,3,3,2,3,3,3,3,3,3,3,3,2,3,2,3,3,3,3,3,3,3,3,3,3,3,3,3,3,3,3,2,3,3
HsQn15YtL9,2,1,1,2,4,4,0,1,3,2,2,1,3,4,1,1,4,1,0,2,3,3,2,2,0,3,2,4,2,2,5,1,1,0,0,1,0,0,1,0,0,1,3,0,4,2,1,4,3,1,1,0,0,4,3,3,1,4,2,3,5,4,4,4,5
HUgv0Y3ft4,5,4,5,4,4,5,4,5,3,3,4,4,5,5,4,4,2,1,1,4,5,5,5,5,4,5,3,5,4,2,4,5,4,3,2,2,4,5,4,3,4,5,4,4,4,4,5,4,4,5,5,4,4,1,1,3,3,1,2,1,3,1,3,1,3
hVeNXgEvrd,3,3,3,3,2,1,1,3,3,1,2,2,2,4,3,1,1,2,2,2,4,4,4,3,3,4,2,1,1,4,2,3,1,2,1,0,2,2,3,2,1,2,2,0,3,1,2,3,1,2,3,0,2,3,2,5,3,2,1,1,3,1,2,3,3
hXEkbOdr6x,3,3,3,3,2,3,3,3,3,3,2,2,3,3,2,2,3,2,2,2,3,3,3,3,3,3,4,4,3,3,2,3,2,3,2,1,2,2,2,3,2,2,2,1,2,2,2,1,2,2,2,2,3,3,3,4,3,2,2,2,3,2,3,2,3
HyZPG1Cebo,3,3,3,4,3,4,2,3,2,3,3,3,4,4,3,3,0,2,2,3,4,5,4,4,5,4,2,4,4,1,4,4,1,1,2,2,2,3,3,2,1,2,4,2,3,1,4,4,4,2,4,2,3,3,3,4,2,3,3,3,3,3,2,3,4
I06tmkjCnR,2,1,4,3,1,2,3,3,2,2,3,2,1,1,2,1,3,3,1,2,1,2,3,2,1,1,2,1,1,3,3,3,2,2,1,1,2,2,3,3,4,1,3,1,2,3,3,2,2,2,2,2,4,1,3,1,2,2,4,3,2,2,2,2,1
I0TgLgpqpa,3,2,3,2,1,4,3,5,4,3,3,4,3,4,2,2,0,1,2,2,5,5,5,5,4,5,2,3,5,1,4,4,3,4,1,2,3,2,3,3,4,3,3,3,2,2,4,2,3,3,3,4,3,2,2,2,2,3,2,3,3,2,2,3,2
i3aMRfQOSq,4,4,4,4,4,4,3,5,3,5,3,3,4,5,2,3,0,2,2,3,4,4,4,4,5,5,3,4,4,4,4,4,2,1,2,1,2,4,3,2,1,1,3,4,5,0,5,4,5,5,3,4,4,4,3,4,4,4,4,4,3,4,4,4,4
i5sfKKHxWN,3,1,4,3,4,4,3,3,3,2,3,2,3,4,1,2,0,1,2,1,5,5,5,4,3,5,3,4,5,1,3,5,4,4,2,2,3,3,4,3,4,3,3,1,3,2,4,3,3,3,4,3,3,2,2,4,2,2,1,2,2,2,2,2,2
i6hZdEUejG,3,3,4,4,2,3,3,3,3,3,2,2,3,3,2,2,3,2,2,2,3,3,4,3,3,3,3,3,3,3,3,3,2,2,1,4,2,1,1,2,2,2,1,1,2,2,4,2,2,3,4,2,2,2,2,2,2,2,3,2,2,2,2,2,2
iAXONy9s9K,3,2,3,4,2,2,1,3,3,3,3,3,4,5,3,3,0,2,3,3,4,4,2,2,5,4,4,5,2,3,4,3,1,1,1,1,0,2,1,2,1,3,1,2,1,3,3,2,3,3,4,1,1,4,3,3,3,4,4,4,3,3,2,4,3
ibxYh4K1oX,3,3,3,3,2,3,3,3,3,3,3,3,3,3,3,3,0,2,3,2,5,5,5,3,5,5,5,5,3,2,2,4,5,0,2,2,5,5,0,0,0,5,3,3,3,2,4,3,3,3,5,2,2,5,3,3,3,3,2,3,3,3,2,3,3
iEtOLmjjbt,4,4,4,4,4,3,4,4,4,4,2,3,4,4,1,2,1,1,1,3,4,5,4,4,4,4,5,5,5,4,4,4,4,1,1,1,3,3,3,2,2,2,3,2,2,1,4,3,3,4,4,4,3,3,3,3,3,3,2,1,2,2,1,3,2
iHlmoCrWBY,4,4,1,4,3,5,3,4,3,4,3,4,4,5,3,3,1,2,2,3,4,4,4,4,3,4,4,4,1,4,4,4,3,2,1,0,2,4,4,2,2,1,3,3,3,1,4,3,4,3,4,3,4,3,3,3,3,3,1,1,3,2,2,3,3
IiNRdjqv9k,3,2,3,3,3,2,2,1,3,2,3,3,2,1,4,3,3,2,1,2,1,1,3,3,2,2,2,3,2,3,1,3,2,2,2,1,2,2,4,4,2,3,2,2,2,4,2,2,2,3,3,2,3,3,1,2,1,1,3,1,3,2,3,2,3
ilLlMRc43e,3,3,3,3,2,3,2,3,3,3,3,3,3,4,2,2,1,2,2,2,4,3,3,3,2,3,2,3,2,2,3,3,3,3,2,2,3,2,3,4,3,3,2,2,1,1,4,3,3,3,3,2,4,3,2,3,3,4,3,1,2,2,2,2,3
IOsyPugvv6,3,3,3,4,3,2,1,3,3,3,2,3,2,3,2,3,1,2,2,2,3,4,4,3,2,3,4,4,3,4,3,3,3,2,1,1,2,2,2,2,2,2,3,2,1,2,4,3,4,3,4,2,1,2,2,3,4,3,3,2,3,3,2,3,3
iOup0E6UGE,3,3,5,2,3,3,3,3,3,3,3,3,3,3,4,3,2,2,2,3,4,4,4,4,4,4,4,4,4,1,4,4,4,3,1,2,4,4,3,3,3,4,4,4,4,1,4,4,4,3,4,3,4,3,2,4,2,3,2,3,3,3,3,2,3
irP2VFAUU3,3,4,3,4,0,2,4,3,3,1,3,1,2,5,2,2,3,2,2,2,3,3,3,4,0,1,4,5,5,2,0,4,3,1,0,0,3,3,3,2,3,3,3,4,2,2,4,0,2,3,3,3,2,5,2,1,3,3,3,1,4,3,3,4,4
IU57hQRjrY,2,3,3,5,1,3,2,3,0,3,3,2,3,3,4,3,1,3,3,3,4,4,4,4,4,2,2,0,4,2,2,3,0,0,2,0,2,1,3,0,0,0,0,1,1,2,5,1,3,2,5,2,0,2,2,5,3,2,1,1,2,3,1,2,3
iUH69L5w4c,3,3,3,3,2,3,2,2,4,3,2,4,2,3,2,2,1,2,2,1,3,3,3,3,3,3,2,3,4,1,2,3,2,2,1,2,2,2,1,2,3,3,3,2,3,2,3,2,3,3,1,2,2,3,3,3,2,3,2,3,3,3,3,3,3
IvcOmQyR5T,3,3,4,4,1,4,4,3,3,3,3,4,3,3,2,3,1,2,2,1,4,4,5,4,4,4,4,5,1,3,2,4,3,2,0,0,3,3,3,3,3,3,3,3,3,4,4,2,4,3,4,3,4,3,2,3,2,3,2,2,3,2,2,1,2
IYAYWHNIQO,2,4,2,3,1,2,3,2,3,0,3,3,2,4,1,3,0,1,3,4,4,3,3,3,2,2,3,4,3,1,1,2,2,1,4,1,1,2,1,1,1,3,3,2,3,0,4,2,2,3,4,1,1,4,3,4,1,3,2,1,4,3,3,1,4
j6vgNGJVvh,4,3,2,2,3,3,3,3,3,2,3,3,2,3,3,3,3,3,2,3,3,3,4,3,3,3,3,3,3,3,3,3,3,2,3,1,3,3,2,2,2,0,3,2,2,2,3,1,2,3,4,3,2,3,3,3,3,3,2,3,2,3,2,3,3
jAuLn1O1jG,4,3,4,3,2,4,3,4,5,3,1,0,5,5,0,0,1,1,0,2,3,5,4,5,2,4,4,3,3,0,5,3,1,1,3,3,4,3,4,0,1,0,3,4,3,0,5,3,4,3,5,3,5,4,4,5,4,4,4,5,4,4,1,0,1
JAznPlTozq,4,3,3,2,5,3,3,3,3,4,1,3,3,2,2,3,4,0,1,3,4,4,2,4,4,4,4,4,3,0,5,1,3,2,0,0,4,3,2,3,5,2,3,4,0,2,0,5,3,2,1,2,2,4,4,4,4,4,4,2,4,4,4,4,5
JcdQHv1boB,2,2,2,3,2,2,2,3,2,3,0,0,2,0,0,0,0,0,0,0,2,5,3,3,2,2,3,3,3,1,3,2,2,2,0,0,2,2,3,2,2,2,2,3,0,2,5,0,2,3,3,3,5,4,3,3,3,2,2,3,3,3,2,3,5
JCGnLqMlIW,2,2,3,2,2,3,2,3,3,3,2,1,3,3,2,2,1,2,2,2,3,3,4,3,2,3,2,4,3,1,2,3,2,1,1,4,1,2,2,1,2,2,3,2,3,2,4,2,3,3,4,3,3,2,2,3,2,2,2,2,3,2,2,2,2
jfKg03gcAX,4,5,5,5,0,4,0,1,5,0,0,0,0,5,0,0,5,0,0,4,5,5,5,5,0,5,1,5,0,0,0,5,5,5,0,0,5,2,0,5,5,5,0,0,5,4,5,5,0,0,5,0,3,4,4,5,5,5,5,0,5,0,0,1,4
JkfI2EJjp6,4,1,4,4,3,4,3,3,3,2,2,1,4,5,2,1,0,1,2,2,2,3,5,4,5,5,5,5,3,2,3,2,3,4,0,1,4,4,3,3,4,3,4,3,1,2,5,3,3,3,4,2,2,4,3,2,3,4,0,3,4,3,2,4,5
jkRY3xRFcN,5,4,4,3,5,4,5,5,5,5,2,5,5,5,4,3,0,1,5,5,5,5,4,5,5,5,5,5,5,0,5,5,4,0,5,1,5,4,1,3,1,5,5,5,5,1,5,5,5,5,3,5,4,5,5,5,5,5,4,3,5,4,5,4,5
Jmb6ptouY7,4,4,3,3,4,4,3,4,4,3,4,3,4,4,3,4,2,3,2,4,4,4,4,4,4,4,4,4,4,3,4,4,3,3,2,2,4,3,2,3,3,4,4,2,3,3,4,4,4,4,4,4,3,3,3,3,2,3,2,2,2,2,2,2,4
JpE0xvWX5S,2,3,2,3,0,3,3,2,3,3,2,4,2,2,3,4,0,3,1,3,3,0,3,3,1,2,4,4,0,1,1,1,2,1,3,1,2,3,2,2,1,2,3,2,1,0,4,0,3,3,4,0,0,2,3,5,4,3,3,3,2,1,2,3,3
jsb9VeKQdr,2,4,2,4,3,4,3,3,2,2,4,3,4,5,4,4,0,2,3,4,5,5,5,5,5,3,5,5,4,3,4,5,4,2,0,1,4,3,2,1,2,3,3,3,1,3,5,1,4,4,5,3,3,4,3,4,4,4,4,3,4,4,3,4,4
jUU2NaFI9k,3,2,3,3,2,2,2,4,2,2,3,3,3,5,4,3,1,2,2,2,4,4,4,5,2,3,2,5,5,2,3,3,2,2,4,3,3,3,2,2,3,2,3,2,3,2,3,3,3,2,3,3,2,3,3,3,3,3,3,3,3,3,3,3,4
jXGRpKtYN0,4,3,3,3,2,3,3,3,3,3,3,3,3,3,3,2,1,2,2,3,3,3,3,3,3,3,3,3,3,2,2,3,2,2,1,2,2,3,3,2,2,2,3,2,3,2,4,2,3,3,4,3,3,3,3,3,3,3,3,2,3,3,3,2,3
JXlKLx5eSi,3,2,3,1,1,4,4,4,3,2,3,2,2,4,2,2,1,1,3,3,4,4,3,3,4,3,4,4,3,1,3,1,2,2,1,1,2,3,2,1,1,2,4,3,3,1,3,2,4,4,3,3,3,3,3,4,2,3,3,2,3,3,3,3,2
jypdgBacyD,3,2,3,3,2,3,2,3,1,2,3,2,3,3,2,3,1,2,2,2,3,3,3,3,1,2,2,4,3,2,2,3,2,2,1,1,1,2,2,2,2,2,2,0,2,2,3,1,2,2,3,0,3,3,2,4,4,3,3,1,3,3,2,3,3
k86FUDuJ1f,1,4,1,4,1,1,1,1,1,3,2,2,4,4,2,1,1,2,2,2,5,5,4,4,4,3,3,2,2,0,2,4,1,1,2,1,1,1,1,4,1,1,1,1,2,4,0,1,2,4,5,2,1,3,4,4,2,3,3,3,3,3,2,3,3
kbhIFRe0V7,5,4,5,4,4,5,5,4,3,5,5,3,4,5,4,4,2,1,5,4,5,5,5,4,4,5,4,5,3,2,3,5,4,3,1,1,5,5,3,3,4,4,4,3,2,2,5,4,4,3,5,4,4,3,1,2,1,3,1,1,1,1,1,1,4
KiTwcbdmOq,3,3,1,2,3,3,3,3,3,4,4,3,4,3,4,4,2,3,4,4,4,4,2,3,4,4,4,4,5,1,4,4,3,2,1,3,2,3,3,2,3,3,4,4,5,2,5,3,4,3,4,4,0,4,4,4,4,4,5,3,5,4,3,3,3
kKgE6R5eLb,4,3,4,3,4,4,3,4,3,4,3,3,3,3,2,2,1,1,1,2,4,4,5,3,2,5,4,3,4,1,5,3,4,4,1,2,4,4,4,3,4,4,3,3,3,1,5,4,3,3,4,3,4,3,3,3,1,4,2,3,4,3,3,3,4
koFGsWn4c9,2,3,2,3,2,2,1,2,3,2,2,2,3,4,2,3,1,2,2,3,3,2,3,2,3,2,2,3,3,2,2,2,2,2,2,1,2,2,1,1,2,1,2,0,2,2,2,1,2,2,2,0,2,1,1,2,1,1,1,1,2,2,1,2,1
KOkyAkWDNb,3,2,4,2,1,3,3,4,3,4,3,1,3,1,3,1,0,0,1,2,5,5,5,0,5,5,5,5,4,2,3,5,2,1,1,1,2,3,2,1,1,4,4,3,2,0,5,2,3,2,5,2,3,5,3,5,3,5,2,1,3,3,3,3,3
Kpc9oqB65a,3,3,4,4,1,3,3,3,2,3,3,3,3,3,2,2,2,1,1,3,5,5,5,5,4,3,4,3,4,5,4,4,3,3,0,1,3,3,3,1,0,4,3,3,1,2,4,1,3,4,4,3,2,3,2,2,4,3,1,1,4,1,1,3,4
KWqfhZxBVq,4,4,1,4,2,5,3,4,4,4,1,2,2,4,1,2,0,1,1,1,5,5,5,4,2,4,3,3,3,2,2,4,1,2,1,2,1,3,3,1,2,2,4,2,1,1,5,3,4,3,4,3,4,4,4,4,4,4,3,3,4,4,3,4,4
kzKJAOfIpd,3,3,3,4,2,2,2,3,3,3,3,4,3,4,1,3,1,2,2,2,5,3,4,4,3,3,4,3,3,4,3,3,2,1,2,1,2,3,3,1,1,3,2,3,2,1,4,4,3,3,3,3,2,4,2,3,3,4,0,3,4,4,3,4,3
L1tcDFuujd,3,3,3,3,3,3,3,3,3,4,2,3,3,5,1,3,0,1,2,3,5,3,3,5,5,3,3,4,3,2,3,3,2,2,2,2,2,4,3,2,2,3,3,3,3,2,3,4,4,4,2,3,3,4,3,5,3,3,3,3,5,4,4,5,5
l7G4Q4xS8V,1,1,2,2,1,1,0,2,2,3,2,0,1,2,1,3,3,2,0,3,3,3,3,3,3,2,3,4,2,3,1,1,0,1,0,0,1,1,1,0,1,3,2,2,0,4,3,2,2,2,3,1,2,3,3,4,1,1,1,2,3,3,1,3,3
l7PZKhiE3A,3,3,2,2,4,4,1,4,3,3,2,3,3,4,3,3,2,2,3,2,3,4,4,3,1,4,3,3,1,2,3,3,1,1,2,1,1,2,2,1,2,2,2,2,1,0,4,2,4,2,4,1,0,2,1,2,2,2,2,2,1,2,2,2,2
L8GKeOgD9j,1,2,2,2,2,3,3,3,4,3,3,3,3,2,2,2,2,3,2,3,2,2,2,3,3,1,3,3,3,2,3,3,2,3,1,1,2,3,3,4,2,3,3,4,3,2,3,2,4,1,3,3,2,2,3,3,3,3,3,2,3,2,3,2,2
lbJqaPGrsh,2,3,3,1,1,2,2,3,2,2,2,3,3,2,1,3,2,2,3,2,3,3,3,1,2,2,3,3,2,3,2,3,2,2,2,2,3,2,2,3,2,2,2,2,2,3,4,2,2,3,4,2,1,3,2,3,2,3,1,2,2,1,2,2,4
lC7NjgZhPE,2,2,3,2,3,3,4,3,1,3,2,2,3,4,2,3,2,3,2,3,3,3,3,2,3,5,4,4,5,3,3,3,3,2,1,1,2,2,2,2,2,3,0,0,1,3,0,2,4,1,0,1,3,2,2,3,3,2,3,3,3,2,2,3,3
lG2U0lzjgg,3,3,3,2,3,3,3,2,3,3,3,3,3,3,2,2,3,2,2,3,3,2,3,3,3,2,2,2,2,3,2,3,3,2,2,2,3,2,3,3,2,3,3,3,2,2,3,3,3,3,2,2,2,2,3,3,2,2,3,3,3,3,3,3,3
LjlQ4d77MU,3,4,5,4,2,2,4,4,3,4,2,1,4,5,1,3,1,1,1,4,5,5,5,4,5,4,5,5,5,4,2,4,4,2,0,0,2,3,3,2,3,3,4,2,4,1,4,1,4,2,5,3,3,4,3,5,3,4,4,3,4,3,4,4,4
llsuSrE1a9,1,2,4,4,2,3,2,4,2,4,3,4,4,4,3,1,1,2,2,3,4,4,2,4,2,4,1,4,4,1,3,4,3,4,3,2,3,3,1,3,1,2,4,1,2,2,4,3,3,2,4,2,2,1,4,4,1,1,1,1,1,1,1,1,1
LLtBwgD8i4,4,4,3,4,2,5,3,4,5,4,3,1,4,5,1,2,4,0,1,3,5,5,5,5,4,5,3,4,4,2,3,5,3,2,0,2,2,3,3,4,3,2,3,2,2,1,5,3,5,3,5,3,4,3,0,3,2,3,2,0,3,3,0,3,3
lmJQICoStk,3,3,3,3,0,4,2,3,3,3,2,2,2,3,2,2,2,2,2,2,4,4,3,4,2,4,2,2,3,2,3,2,2,4,1,1,2,2,3,3,3,3,2,2,2,3,4,0,5,3,4,3,3,3,3,3,2,3,1,2,3,4,3,3,3
LMKnnA9PDE,3,3,3,3,3,2,2,3,4,2,3,3,3,4,2,3,3,2,1,1,4,3,4,3,4,3,3,3,4,3,3,4,3,4,1,3,3,1,4,2,2,3,2,2,3,2,4,2,1,3,4,1,1,3,1,2,1,2,2,1,3,1,1,1,3
LqvNDnJsII,3,3,2,3,1,5,4,4,5,3,4,2,4,4,3,4,0,5,2,4,4,2,4,1,3,4,4,3,1,1,4,4,1,0,4,0,4,5,0,0,0,1,4,4,5,1,5,0,5,4,5,5,3,1,2,4,2,4,1,1,2,4,4,4,4
luMqgVYh7U,3,5,3,2,3,5,4,4,5,3,3,4,4,5,3,4,0,2,2,3,5,5,4,2,3,5,5,4,4,2,4,3,4,0,1,2,3,4,2,1,4,3,4,2,4,1,5,2,5,2,5,1,4,4,5,5,3,5,3,4,5,2,5,5,5
m239u1EYWS,3,2,3,3,3,3,3,3,2,2,1,1,3,3,2,3,2,2,2,2,3,3,3,2,3,3,3,4,3,3,3,2,1,3,4,1,3,4,3,3,2,3,3,2,2,2,3,3,3,3,4,3,3,3,2,3,2,3,2,2,2,3,2,3,3
MGfL1HbPXm,4,3,4,3,2,4,4,4,4,2,2,3,4,3,2,2,1,2,2,2,5,5,4,3,5,4,3,4,5,2,2,4,3,3,2,2,4,4,3,3,3,3,2,4,4,2,5,2,3,4,3,2,3,3,1,1,2,3,1,1,1,1,1,3,2
MJWkid756C,3,3,3,3,1,2,3,3,2,1,2,2,3,3,2,2,3,1,1,1,4,4,3,4,2,3,3,3,4,1,4,4,2,2,2,2,2,2,2,2,3,3,2,2,1,2,4,2,3,3,4,2,3,3,2,1,2,3,1,0,3,2,2,1,3
mL9vGWF9OH,3,2,4,4,3,3,2,2,3,4,4,4,3,4,1,1,0,1,1,3,4,3,5,3,5,4,2,4,4,3,3,4,3,3,2,3,4,3,4,2,3,3,4,3,3,2,4,3,3,3,5,3,4,3,3,4,3,3,4,2,3,3,4,3,3
mLYQyZtbMD,2,3,2,3,2,3,2,2,3,3,2,2,2,3,2,2,2,2,2,3,3,3,3,3,3,3,3,3,3,2,2,3,2,2,2,2,2,2,2,2,2,2,3,2,3,3,3,2,3,3,3,2,2,3,3,3,3,3,3,3,3,2,2,3,2
MMghVvwLxv,2,1,4,0,2,3,1,2,0,1,0,4,3,3,2,4,0,4,2,3,4,3,3,5,2,5,3,3,4,2,2,0,1,0,1,1,0,2,0,0,1,1,0,1,0,0,5,1,3,4,4,1,0,2,2,2,2,2,1,2,4,2,2,0,2
mMvLVvgjht,5,5,0,0,5,5,5,5,5,5,5,5,5,5,4,5,0,5,5,5,5,5,1,5,5,5,5,5,5,0,5,4,5,0,4,5,5,5,0,0,0,5,5,5,5,0,5,5,5,5,0,5,0,5,5,5,5,5,0,5,5,5,5,5,5
MngwEZhwjX,5,4,5,4,2,5,3,4,4,5,4,3,4,5,2,2,0,1,2,5,5,5,5,5,5,4,5,5,5,3,3,5,2,2,0,1,3,3,2,2,2,1,3,2,3,1,5,2,4,4,5,2,1,4,4,3,3,4,4,3,3,3,3,3,5
Mos9HG84GW,2,1,2,2,0,4,3,3,4,2,2,3,2,3,2,3,2,3,3,3,5,3,3,2,2,3,3,4,3,2,0,3,2,1,0,2,2,2,2,1,2,2,3,2,2,3,5,0,1,3,5,2,3,0,0,3,0,0,0,0,0,0,1,0,1
mSkU22T9Di,2,2,2,2,1,3,2,2,2,1,1,1,2,2,1,2,3,2,1,2,2,2,3,3,1,3,2,1,2,1,2,3,2,2,1,1,2,1,2,2,2,2,1,1,2,2,2,1,1,3,2,1,2,3,3,4,2,3,3,3,3,2,2,3,3
MtESQu4nk5,2,1,2,2,2,2,1,2,3,3,3,3,2,2,1,3,4,2,2,2,2,2,2,3,3,1,3,2,2,2,2,2,2,3,2,1,2,3,4,3,2,2,3,2,2,3,1,3,2,2,1,1,3,3,2,3,2,3,2,4,3,1,2,4,1
mTLRvEfmIq,3,1,4,2,1,2,1,3,2,0,1,1,0,4,0,0,5,1,0,1,3,3,4,3,1,2,2,3,1,2,1,3,2,2,1,1,2,2,1,2,2,2,3,2,3,4,3,0,2,1,3,0,3,3,2,3,3,3,2,1,3,1,3,4,4
mvh72P0Vu7,3,3,2,3,2,2,2,3,3,4,2,3,2,3,2,2,1,2,2,2,3,3,3,3,2,2,2,3,3,2,2,3,2,3,1,2,2,2,3,3,3,3,3,2,3,2,3,2,1,2,3,2,2,3,3,3,2,2,2,2,3,3,2,3,3
MW6PUiAOVr,2,3,3,3,2,3,2,3,3,3,1,3,3,3,3,3,1,2,1,2,4,3,3,3,3,3,3,3,2,2,2,2,3,3,2,0,3,3,3,3,3,3,3,2,2,1,3,2,3,1,2,2,3,3,3,2,4,4,2,3,3,3,2,1,3
N3muyGl3ry,3,2,4,2,0,5,4,3,4,5,2,1,3,5,1,0,3,4,1,0,5,5,5,5,5,5,5,5,5,3,0,5,4,4,0,0,4,1,0,5,4,5,3,1,2,1,2,0,5,2,1,0,0,4,0,0,0,0,0,3,3,0,0,0,4
N9w8ybGtrx,2,2,3,3,2,2,2,2,2,2,2,2,2,2,2,2,3,2,2,2,3,3,3,3,3,3,3,3,3,2,3,3,2,3,2,2,2,2,3,3,3,2,3,3,3,2,2,3,3,3,2,3,2,2,2,2,2,2,3,2,2,2,2,2,2
nahQ4nLJ72,3,3,4,2,3,3,3,3,3,3,2,2,2,2,1,3,3,1,2,2,5,4,5,4,4,4,3,4,3,2,3,3,3,4,2,2,3,3,3,4,4,3,2,2,2,3,4,3,3,2,5,4,3,2,3,2,2,3,2,2,2,2,2,2,2
NdxlJQSX6V,4,2,2,3,2,1,1,2,3,4,2,2,3,4,2,1,3,1,1,1,3,2,3,3,1,2,3,4,3,1,1,0,3,2,1,2,2,1,1,3,1,2,1,1,1,2,2,0,2,2,2,0,1,3,1,4,3,4,2,1,1,1,1,2,3
ngRp7Q06pB,3,3,3,4,2,3,1,3,3,1,3,1,3,4,2,3,2,2,2,2,5,5,5,4,5,3,3,3,4,2,3,3,3,2,0,0,3,3,2,2,2,3,2,1,1,2,3,2,2,3,2,2,2,2,2,2,3,3,1,2,3,2,1,2,3
nGsBX9YOAM,2,2,2,3,2,3,2,3,3,3,3,2,4,4,4,3,1,4,5,2,3,3,3,3,2,2,2,3,3,2,1,1,4,2,4,4,4,3,2,1,1,3,3,3,4,1,3,3,4,3,1,3,2,2,3,2,2,2,3,3,3,3,2,3,3
nhRnpc2Poy,2,2,2,2,1,1,1,2,3,3,2,2,1,3,1,2,1,1,2,2,2,2,2,2,2,1,2,4,2,1,2,1,1,2,0,0,0,1,2,2,2,1,3,1,2,3,2,1,1,2,2,1,1,3,2,1,2,2,2,1,3,1,1,2,2
NKMES8pCyi,3,4,1,3,3,4,3,4,3,3,3,3,4,3,4,3,3,4,4,3,3,4,2,4,4,4,4,4,3,2,3,4,2,2,2,3,3,2,1,3,1,5,3,3,3,2,4,4,2,3,2,4,3,2,2,3,4,3,1,3,3,3,2,3,4
NMYlrLUEZ1,4,4,4,5,3,5,5,4,2,3,3,2,3,4,3,3,3,3,3,3,5,5,5,5,5,3,2,2,5,2,3,3,3,4,0,0,3,2,3,1,5,3,3,2,1,2,4,2,3,1,5,2,2,4,4,4,3,4,5,1,4,4,2,4,4
nNCmili2x1,2,3,2,5,3,4,2,3,1,3,0,1,1,4,1,1,0,3,1,3,3,2,2,3,1,4,2,1,3,0,3,2,3,3,1,1,3,2,3,3,3,4,2,1,0,2,3,4,4,2,2,2,2,3,3,4,3,3,3,3,3,3,4,3,3
nnLZv3c0RC,1,1,4,4,1,1,1,1,1,1,1,1,1,1,1,1,4,1,1,1,2,2,4,2,1,0,1,1,0,3,2,1,1,1,2,2,3,3,2,3,1,2,4,1,3,2,1,1,3,4,1,3,4,2,2,3,1,2,4,3,1,3,1,1,3
nqida8kDsb,3,3,2,2,3,3,3,4,3,3,4,4,2,3,2,4,2,3,4,3,3,4,2,3,3,3,3,4,3,2,3,4,3,2,4,3,4,3,2,1,2,3,4,3,4,2,4,4,3,3,2,3,2,3,3,4,4,3,2,4,4,4,4,4,3
Nsf7SZQiKn,2,2,2,2,0,1,1,3,2,1,2,3,2,4,3,3,1,4,2,3,4,3,4,3,4,3,3,3,2,1,1,4,1,1,1,0,1,1,2,1,1,2,1,0,0,1,4,0,0,1,4,1,0,3,2,3,2,1,1,1,3,0,1,1,3
ntIarc7F8T,1,2,4,3,1,2,1,2,2,2,1,2,1,1,2,2,3,2,2,1,3,2,3,1,2,2,1,1,2,3,1,3,1,4,1,2,2,1,3,2,2,2,2,3,4,2,4,2,2,1,4,3,4,1,1,1,2,1,3,1,1,2,1,2,2
NtmrPyf6Rj,2,2,2,2,1,2,2,2,3,2,0,2,3,4,1,1,2,2,1,1,3,3,3,3,3,3,3,4,4,3,2,2,1,2,0,1,2,1,3,2,2,3,2,1,0,2,2,0,2,3,1,0,1,2,1,3,1,2,1,1,3,1,1,1,2
NXV8LYthfP,3,2,2,2,2,4,4,3,4,4,2,3,4,4,3,2,2,3,3,2,4,4,5,4,4,4,4,4,3,3,2,4,1,0,0,0,1,4,4,2,2,1,3,2,1,2,5,2,3,4,4,3,3,3,3,4,3,3,2,3,4,2,2,3,4
nZ5b34k2BP,3,2,3,3,1,2,1,2,1,2,2,1,3,2,1,2,4,3,1,2,2,1,3,2,3,2,2,1,2,4,2,2,2,4,1,2,2,2,4,2,3,2,1,1,2,3,2,2,3,2,3,2,3,2,2,4,4,2,2,3,3,3,3,2,3
O0MyEBNc56,3,2,3,2,3,3,1,3,3,3,3,2,3,3,3,3,3,2,3,3,3,3,3,3,3,3,2,2,3,0,3,2,3,3,1,2,3,3,1,4,4,3,2,1,0,2,3,3,3,3,3,2,3,4,2,2,3,3,3,3,3,2,3,2,3
o5RKs3mdpU,3,2,3,2,2,3,2,3,3,3,3,3,3,3,3,3,1,3,3,2,3,3,4,3,3,2,3,3,2,2,3,3,2,2,2,1,2,2,1,2,2,3,2,0,2,2,3,2,3,3,4,2,1,3,4,4,3,1,2,2,2,3,1,2,4
O5WxWHRFOy,4,4,4,4,3,5,3,4,3,3,3,3,4,3,2,3,1,3,3,4,5,5,4,4,4,5,2,4,5,2,3,2,1,1,1,2,2,3,4,1,1,1,2,3,1,2,4,3,4,1,4,3,4,4,4,4,4,4,4,3,4,1,4,4,4
oAt4Wh6uC8,3,3,2,2,3,3,3,3,3,3,3,3,3,3,3,3,2,3,3,3,4,3,2,3,3,3,3,3,3,2,3,3,3,2,3,3,3,3,2,2,2,3,3,3,3,2,3,3,3,3,3,3,2,2,1,4,2,2,1,1,1,2,1,1,1
ODGVYkHeZs,3,2,2,3,3,3,2,3,3,2,3,3,3,3,3,3,2,3,3,3,2,3,1,3,3,3,3,2,3,3,3,3,3,3,2,2,2,2,2,3,2,2,2,2,2,2,2,2,3,2,3,2,2,2,3,3,3,3,3,3,3,3,2,3,3
OhKU30XCaG,4,2,2,1,3,1,2,5,3,5,3,3,4,3,5,3,1,2,2,3,4,5,5,1,4,5,3,3,5,2,4,3,3,4,2,2,3,4,1,0,2,4,3,1,2,1,5,1,1,3,3,4,0,2,2,5,2,2,1,2,2,0,2,2,3
OjQQtcK5Bl,4,4,5,3,5,5,5,4,1,0,5,4,3,5,2,4,0,0,3,0,5,5,5,5,5,5,0,5,5,5,5,2,4,3,0,4,5,4,5,5,5,5,2,2,0,0,5,3,5,2,5,3,5,4,0,5,4,4,2,0,4,4,4,4,3
oLp0C6375F,3,1,3,3,1,5,3,3,3,4,3,1,4,3,3,2,2,1,1,2,4,4,4,3,4,3,4,3,3,4,2,1,4,4,1,0,4,3,3,3,3,4,3,4,2,2,4,2,3,3,4,1,3,1,2,3,2,1,1,0,2,1,1,1,1
op3H2zRrG1,3,2,4,4,3,2,2,3,3,1,2,3,3,4,2,2,1,1,1,2,4,4,4,4,3,2,1,3,3,1,3,3,4,3,0,1,3,2,5,3,4,3,1,1,3,1,5,3,2,2,5,3,2,4,2,1,3,2,2,1,2,3,2,1,3
osMD9biQDC,4,3,4,1,3,4,4,4,3,3,3,3,3,5,4,3,2,2,2,3,5,3,3,3,3,3,3,5,4,3,5,4,0,2,2,1,2,1,2,0,0,1,4,4,3,1,4,4,4,4,3,4,1,3,3,3,4,3,1,4,3,4,3,4,4
osqQVLURO8,3,3,4,4,3,3,3,3,3,4,3,3,3,4,3,3,2,1,3,3,3,4,2,3,3,3,3,3,3,2,3,3,3,2,3,3,3,3,2,2,4,3,3,3,3,1,4,3,4,4,4,3,4,4,4,4,4,4,1,4,4,4,4,4,4
OTgHG3A20R,2,3,3,3,2,3,3,4,2,3,1,2,2,3,1,3,1,2,1,2,4,5,5,4,4,3,4,2,4,4,2,2,3,4,1,1,3,3,3,3,4,5,1,2,2,1,5,2,2,3,5,3,3,1,1,3,0,2,1,0,3,0,1,2,3
OUgnPYlwLz,4,3,4,4,3,4,1,3,3,2,4,3,4,4,3,4,0,2,1,4,4,3,4,4,4,3,2,3,3,1,2,4,2,1,1,2,2,3,3,1,1,1,1,1,3,1,4,3,3,2,4,3,3,3,3,4,3,3,3,3,3,2,2,4,3
OWwLUhx97m,3,3,2,4,3,4,3,3,3,4,2,1,3,3,1,1,1,0,0,1,5,4,5,3,3,4,4,4,4,2,5,5,4,2,0,0,4,3,4,3,3,3,3,1,2,2,5,3,3,3,5,3,4,4,4,4,4,4,4,4,4,4,4,5,4
oyRYIh2w3C,4,5,1,1,1,5,3,4,4,3,3,5,5,5,4,5,0,0,4,5,5,4,1,5,3,4,5,4,5,1,1,4,3,1,4,4,3,2,0,2,2,1,4,3,4,1,1,2,4,3,2,1,2,4,5,5,5,5,4,4,5,4,5,4,5
P1qSqSVgh6,3,3,3,3,3,4,3,4,3,3,4,3,4,5,3,4,1,1,3,4,5,5,5,4,3,5,3,4,5,2,3,4,3,3,2,3,3,4,3,3,4,3,3,3,3,1,5,3,4,5,5,3,4,4,5,4,4,5,4,4,5,4,4,5,4
P1xXgkh0YS,4,5,4,3,5,5,4,4,4,5,3,4,5,5,2,5,1,2,2,4,5,5,4,4,2,5,5,5,5,1,5,5,4,4,2,3,4,5,4,4,5,3,4,5,5,1,5,5,4,5,4,3,3,5,5,5,5,5,5,5,5,5,5,5,5
p2aHDlGHY3,0,2,3,3,2,1,2,2,3,2,3,2,2,2,3,3,5,1,2,2,0,2,2,2,0,0,0,3,1,3,0,0,0,5,2,2,0,3,4,5,3,0,0,1,0,3,0,0,0,0,5,0,5,0,2,2,2,0,3,0,0,0,2,0,0
p2pM8bQTtq,2,4,4,4,2,3,3,3,3,1,1,2,1,3,1,1,2,3,1,2,4,3,5,3,3,4,3,3,3,2,1,2,3,4,0,0,3,1,3,2,2,2,3,1,1,2,3,2,3,2,4,3,3,2,1,3,1,3,1,2,3,1,2,3,3
p6kinCGYar,1,1,3,2,0,1,2,2,2,2,1,0,3,3,0,1,2,3,1,1,4,5,3,2,3,3,3,4,4,3,3,3,0,2,0,0,0,0,2,1,0,1,2,1,0,2,2,1,1,2,2,2,2,2,0,4,2,3,3,0,3,0,0,3,2
P9Ayn8Uhrm,3,3,4,3,2,0,4,3,3,3,2,3,4,4,4,3,0,2,3,2,5,4,5,5,2,3,5,2,4,0,4,5,3,1,2,1,3,2,2,3,3,3,0,0,2,2,4,2,3,3,5,3,2,2,0,0,2,0,0,1,3,0,0,1,2
pbEi4w1Tdk,3,3,3,3,2,3,3,3,3,4,3,2,2,3,2,2,0,2,2,2,5,5,5,4,4,3,3,2,3,2,3,4,3,3,0,1,2,2,2,3,3,3,2,0,2,2,4,1,3,3,4,2,1,3,2,2,2,3,0,1,3,1,1,2,2
pmlugbL9py,3,3,3,4,2,3,3,4,2,1,2,2,3,3,2,2,2,2,1,2,4,4,5,3,3,3,3,2,3,3,3,3,4,4,1,1,4,3,4,4,4,2,2,2,1,1,4,1,3,3,4,2,2,3,1,1,1,1,1,1,4,4,0,3,5
PNcNdedT1h,3,3,3,3,1,4,2,3,4,3,3,2,3,3,3,3,3,2,3,2,4,3,4,4,2,4,3,4,3,3,4,3,3,3,1,2,3,2,3,2,3,2,4,2,3,2,4,2,3,3,3,2,2,3,3,2,3,3,1,3,3,3,2,3,3
prkNbsJS99,3,3,3,3,3,3,2,3,3,3,2,3,3,3,2,3,3,3,1,3,4,3,2,3,3,3,3,3,3,2,3,3,2,3,0,0,3,3,1,3,3,4,2,1,2,2,3,3,2,2,2,3,2,2,1,1,2,1,2,2,2,2,2,2,2
pRPqAwQVda,3,2,2,3,2,4,4,3,3,3,3,3,2,4,2,3,3,3,3,3,2,2,2,4,2,4,2,2,2,2,3,3,2,1,2,2,3,3,2,2,2,2,3,2,3,3,4,3,2,1,4,3,1,3,3,4,3,5,1,3,3,3,2,2,2
PTIPJMjK9l,5,5,5,5,3,1,3,3,3,3,0,2,3,4,3,3,0,0,2,0,5,5,5,5,3,4,3,5,5,1,4,4,5,3,2,1,3,4,2,3,5,5,3,4,4,2,5,4,4,4,5,4,3,0,0,4,0,0,0,0,0,0,0,0,3
pTqS3P95Fs,3,2,4,3,1,3,3,4,3,3,3,4,4,4,2,3,1,1,3,2,5,4,4,4,4,3,4,4,3,4,1,4,1,1,1,1,2,4,4,1,1,2,2,2,2,1,4,1,3,3,4,1,1,4,3,4,3,3,3,3,3,1,3,4,4
PuyBWPPz4e,4,3,4,4,3,3,3,3,4,4,3,3,4,5,3,3,2,4,3,3,5,3,4,4,3,4,5,5,4,3,4,4,4,0,2,3,3,3,3,1,2,3,3,2,2,1,4,3,4,4,4,2,4,3,3,5,4,4,2,3,4,3,4,4,3
pvFLsHHnMg,0,0,1,1,0,2,0,0,1,3,0,2,0,1,1,0,4,1,1,1,0,0,3,0,0,3,3,3,1,1,0,0,0,1,0,0,0,0,5,1,5,1,0,0,0,5,3,0,1,0,3,0,1,0,1,0,1,2,3,0,0,0,0,0,0
pVxySUo9bS,3,2,2,2,4,3,2,3,4,3,3,2,3,4,1,3,3,2,1,2,5,4,5,3,4,3,4,4,3,3,4,4,2,2,1,1,2,3,3,1,2,2,3,2,3,2,3,4,3,3,3,2,3,3,2,2,1,3,2,2,4,3,1,4,3
PWkORrgrGd,4,3,4,3,3,5,2,3,2,2,3,3,4,3,2,3,2,2,2,3,3,3,3,3,3,4,4,4,3,3,3,2,3,3,3,4,3,3,2,1,1,2,4,3,4,2,3,3,3,3,3,4,3,2,1,3,3,3,1,1,1,1,2,2,3
PwXEJApBeD,5,3,3,3,2,4,3,2,3,3,3,4,3,5,2,3,0,1,2,3,4,5,4,3,4,3,4,3,4,2,4,5,3,3,3,2,4,3,3,2,3,2,4,3,3,1,4,3,3,3,3,3,2,2,2,2,2,2,1,2,2,2,2,2,2
pxLjdokyLN,2,4,2,3,1,1,2,3,1,3,2,4,1,3,2,3,2,2,1,1,2,1,2,1,3,2,2,4,2,2,1,3,3,2,1,3,1,3,2,2,4,2,2,3,3,3,3,2,1,3,3,3,3,1,3,1,4,2,2,1,4,1,3,3,2
PYzFlBQZhx,2,2,2,2,1,2,2,2,3,3,2,2,3,2,2,2,2,2,2,2,2,2,2,2,2,2,2,4,2,2,2,2,2,2,1,2,2,1,2,2,2,2,4,2,1,2,2,0,2,1,2,1,3,3,3,3,3,3,2,3,4,3,3,3,3
pzKDfF8UQ4,3,2,2,1,1,3,2,5,4,4,3,3,3,4,2,2,2,2,3,4,4,5,3,2,4,3,2,2,2,1,2,3,4,3,2,1,3,2,2,4,3,3,3,2,1,2,4,2,2,2,3,1,1,4,2,3,2,3,2,2,3,3,2,2,4
Q2yzpMjRow,4,3,4,3,2,4,2,4,4,5,3,2,3,4,2,2,1,1,2,1,4,4,4,3,4,5,2,4,5,2,3,4,2,2,1,0,2,3,2,2,2,3,4,1,4,2,5,1,4,3,5,2,4,5,3,4,4,3,3,0,4,0,1,2,4
q5NrRpZbQp,3,3,2,2,3,3,3,3,3,3,3,3,3,2,3,3,2,3,3,3,3,3,2,3,3,3,3,3,3,2,3,3,2,3,2,2,3,2,3,3,3,2,3,3,3,2,3,3,3,3,2,3,2,3,3,3,3,3,2,3,3,3,3,3,3
Q6k63D7zEf,2,3,3,3,1,2,2,1,1,2,1,2,2,2,1,2,3,2,3,2,4,3,3,4,3,3,2,3,3,2,4,4,1,4,1,0,0,1,3,2,4,3,1,1,2,5,1,1,1,1,4,0,5,1,1,1,1,1,5,1,0,1,1,1,0
QAa2Zsf0Wr,1,3,2,3,1,3,1,2,3,2,3,1,1,3,1,3,2,2,2,3,4,3,1,3,3,3,2,2,2,1,2,3,1,2,1,2,2,1,2,2,1,1,2,2,4,1,0,0,3,3,0,1,1,4,3,4,3,2,4,1,3,2,3,4,3
qaadFh2Itq,3,2,3,3,3,3,2,3,2,4,2,2,3,3,2,2,3,2,2,2,3,4,4,4,3,4,3,3,3,1,4,3,3,4,1,1,4,2,4,4,3,3,2,2,3,2,3,3,3,3,4,4,3,3,3,3,3,3,3,3,4,3,3,3,3
QB5HNqHPKv,3,3,4,3,2,3,3,3,3,3,3,4,3,4,2,2,1,2,2,3,3,3,5,3,2,3,3,3,3,2,2,3,3,4,0,2,3,3,1,5,5,5,3,3,2,2,2,2,3,3,2,3,2,0,1,2,0,0,0,0,0,1,0,0,1
Qk6YaIs2s2,3,4,3,3,3,3,4,3,3,3,3,3,3,4,2,3,1,1,2,1,4,4,4,4,3,4,4,4,3,3,3,3,3,2,1,1,4,3,3,2,2,2,2,3,3,2,3,3,3,3,3,3,2,3,2,3,1,3,4,1,3,1,2,2,1
QkFREk3u9V,2,1,2,1,2,2,3,3,3,2,1,3,3,3,1,1,0,1,1,1,5,4,3,5,4,3,5,5,2,2,2,3,2,3,2,1,2,1,0,4,3,5,4,2,2,1,4,2,2,3,4,1,2,3,3,4,3,3,3,3,4,3,3,4,4
qkzc2A8zxi,4,3,4,4,4,3,2,4,2,3,2,3,3,3,3,3,2,3,2,3,4,4,3,3,3,3,4,2,3,2,4,3,2,2,3,3,2,2,2,2,3,3,3,3,2,2,3,2,3,3,4,2,3,3,2,3,3,3,3,3,3,2,3,2,3
Qnpq1v1vmw,3,2,2,2,1,1,1,3,3,2,2,2,2,4,1,2,1,1,1,1,5,4,4,4,4,2,3,4,4,2,1,3,1,1,1,0,1,0,2,1,1,2,3,1,2,1,4,0,2,1,4,1,1,4,3,3,4,3,4,3,4,3,4,3,4
QOT10tHumC,4,3,4,3,1,4,3,3,4,4,2,2,3,4,1,3,0,3,1,2,4,3,3,3,2,3,3,4,4,1,3,2,2,1,1,1,2,2,4,3,1,1,3,3,2,2,4,2,3,3,4,1,2,2,3,4,3,3,3,3,3,3,2,1,3
QPFanCUuVX,1,3,1,3,2,1,2,3,1,1,3,2,3,3,3,3,1,4,2,2,3,3,5,3,3,1,2,3,2,3,2,2,4,4,4,1,3,3,4,2,3,3,1,2,1,3,3,1,2,2,4,1,2,3,3,3,3,4,3,2,4,2,3,4,4
Qq9GR6HNZF,1,1,4,2,3,2,1,2,1,1,2,2,2,1,1,2,3,2,1,2,4,2,4,2,2,2,2,2,1,3,2,2,2,2,2,1,2,3,3,4,1,2,2,2,2,3,1,0,2,2,5,1,1,1,2,2,1,2,4,2,1,2,3,3,2
qQbFGSxK4R,4,4,1,4,4,4,4,4,4,1,5,5,5,4,4,5,1,4,4,4,4,5,1,3,5,4,4,5,5,0,4,5,5,0,5,5,5,5,0,2,0,4,5,5,5,1,4,4,4,4,1,5,1,4,4,4,4,4,1,4,5,4,4,4,5
QrIz4kmzBO,3,4,3,3,2,4,3,3,3,4,3,3,4,3,2,3,2,2,2,3,5,5,5,5,3,4,3,3,4,2,3,5,2,2,2,2,2,3,3,2,2,3,3,2,3,2,5,2,3,3,3,3,3,2,2,3,3,3,2,4,3,3,2,3,4
QsnjBwJun6,3,3,3,5,2,0,4,3,3,3,1,2,3,4,1,3,2,1,1,4,2,2,2,2,0,1,2,3,4,2,4,2,1,0,1,1,0,1,0,0,0,1,1,2,0,3,3,1,1,3,3,0,2,4,3,3,3,3,2,2,4,1,3,4,4
qVmGCjFgoW,3,3,3,2,3,3,3,3,3,3,3,3,3,3,3,3,3,2,2,2,3,3,2,2,3,3,3,3,3,2,3,3,2,3,2,2,3,2,2,3,3,3,1,0,3,1,5,3,3,1,4,3,0,2,1,2,4,2,1,1,3,0,2,1,2
qx2z1czIyP,3,2,3,2,3,3,3,3,3,3,4,3,3,3,2,1,1,2,2,3,4,4,3,2,4,3,3,3,3,3,3,3,4,3,4,2,3,3,2,1,3,3,3,3,4,1,4,3,4,4,4,3,4,4,4,4,4,4,4,4,4,4,4,4,4
QxKxlY255X,4,4,4,5,2,3,3,4,4,4,4,4,3,4,4,3,0,1,1,3,4,4,4,4,1,3,4,5,2,2,3,3,4,4,1,0,4,4,4,4,4,4,4,1,3,1,4,4,3,4,4,3,4,4,3,1,1,3,0,2,4,1,2,3,4
QYtUrXkiPp,3,3,1,1,0,1,1,3,3,2,3,4,0,0,3,4,1,1,1,3,4,4,4,1,4,4,4,4,4,1,0,4,2,2,0,3,2,3,0,1,1,3,3,3,1,1,5,0,2,2,5,1,2,3,4,4,4,4,1,3,4,3,3,3,3
QZ9nRSroKQ,3,2,3,4,2,3,2,3,3,2,2,1,4,4,2,2,2,1,1,3,5,5,4,5,5,4,4,5,4,1,4,4,4,3,2,1,3,3,1,3,3,4,4,2,1,1,4,3,4,4,3,4,2,3,3,3,3,3,2,2,4,3,1,3,3
r2Qc9jbrW7,2,2,2,2,0,4,1,2,2,3,1,0,0,5,0,5,0,1,2,2,4,3,3,3,3,3,4,4,3,1,1,4,1,1,2,2,2,0,1,1,1,1,2,1,1,2,3,1,2,1,4,0,1,1,1,3,2,1,0,1,1,1,1,4,3
r4zlFEVJOo,3,4,4,4,2,3,3,2,3,4,4,3,3,3,2,2,2,0,0,1,3,3,3,3,2,3,2,3,3,2,2,2,3,3,0,0,3,2,3,3,3,2,3,2,1,2,3,3,2,2,2,2,1,4,3,3,2,3,0,2,3,4,1,2,2
R500qbuwsc,3,3,3,3,3,3,2,3,3,3,4,2,2,3,2,3,0,2,2,3,4,4,3,3,2,3,2,5,4,2,4,3,3,3,2,2,2,3,3,3,3,3,3,2,3,2,4,4,3,3,4,3,3,4,2,4,2,3,2,2,3,3,2,2,3
R6KgZz9Cno,1,3,3,3,1,3,1,1,0,2,1,1,2,2,2,2,3,1,3,3,1,1,0,2,2,3,2,2,2,3,2,1,1,2,1,3,2,0,0,4,2,3,2,0,0,3,1,2,3,2,4,1,3,2,1,2,2,1,4,1,3,2,3,5,2
R9C3loTdjY,3,3,3,5,2,3,0,3,4,2,3,4,2,4,3,4,1,2,3,4,5,3,3,3,2,3,3,4,3,1,3,3,4,4,0,0,4,3,2,3,3,5,3,2,2,1,4,3,3,3,3,2,0,4,4,2,5,4,4,3,5,3,3,5,3
r9YNERa371,3,3,3,2,2,3,3,3,3,3,3,3,3,3,2,2,2,2,3,2,3,5,3,3,3,3,3,4,2,3,2,3,3,2,2,2,3,3,3,3,3,3,3,3,3,2,4,2,3,3,4,2,3,2,2,3,2,3,2,2,2,2,1,2,2
RA5bBnFe4N,2,1,2,4,1,2,1,1,2,0,1,1,2,2,0,1,1,2,0,3,4,3,3,3,2,2,4,3,0,2,0,0,3,4,1,0,3,2,0,3,3,5,1,0,1,4,3,0,1,1,1,0,1,3,2,2,3,3,2,2,3,2,2,3,4
RaamhhMqF7,3,3,3,3,2,3,3,3,3,3,3,3,3,3,3,3,1,1,2,3,4,3,4,3,3,4,3,3,3,3,2,3,2,2,2,1,2,2,3,2,2,2,3,3,2,2,3,1,3,2,3,2,3,3,2,3,2,4,2,3,3,1,3,2,3
RgbS5SeYOk,4,3,4,4,2,1,3,3,3,3,4,1,4,4,1,1,2,1,1,2,4,4,4,3,4,4,4,5,3,4,3,1,4,3,1,1,3,3,3,4,4,4,2,4,1,1,4,2,4,4,4,3,3,3,2,4,2,1,3,1,2,2,1,1,1
rJuOLLAnEp,2,2,2,1,3,4,2,4,2,1,3,0,4,4,1,1,4,0,1,2,4,3,4,3,2,3,4,4,4,2,4,2,3,4,1,1,3,2,2,4,4,4,3,1,1,2,4,2,3,4,4,2,4,3,1,1,3,2,1,0,1,3,1,3,2
rNrNriDJrJ,3,3,3,4,2,3,3,3,3,3,3,3,3,4,3,2,2,2,2,3,4,3,4,3,2,3,4,4,3,2,3,3,3,3,3,2,3,3,3,3,3,4,2,3,3,2,4,2,3,3,4,2,3,3,3,3,3,3,2,1,3,3,3,2,3
rnVlZTIPxR,2,2,3,3,1,4,2,2,2,3,2,2,2,2,2,2,2,2,2,2,4,3,2,3,2,3,1,2,2,0,1,1,3,1,1,0,0,0,1,2,2,1,1,1,0,2,4,1,3,2,2,2,1,3,1,3,2,1,3,2,2,2,1,1,2
RnwhJLEcxk,3,2,3,2,2,3,1,3,3,4,3,3,2,3,3,3,1,2,3,1,3,3,3,3,1,3,3,3,3,2,3,1,3,1,1,3,3,2,3,1,1,1,3,1,1,1,4,1,3,4,4,1,1,3,3,4,3,3,3,2,3,3,3,3,3
Ron5wtZETU,3,2,2,2,2,3,3,3,2,3,3,2,3,2,2,2,2,2,3,3,3,3,3,3,3,3,2,3,3,2,3,3,2,3,1,2,2,2,2,3,2,2,1,0,2,3,4,2,3,2,4,1,2,4,2,3,3,3,2,3,4,2,2,3,3
rptyTtS8Vb,3,3,4,3,2,3,2,3,3,4,3,2,3,4,3,4,0,2,3,3,5,5,5,4,4,3,3,4,5,2,3,5,1,2,1,2,2,3,3,2,2,2,4,3,3,2,4,4,3,3,4,3,3,3,4,4,4,3,2,3,4,4,3,4,4
RSYTt2xWz8,5,5,5,2,5,5,5,5,5,5,1,3,3,5,1,2,5,0,1,0,3,3,4,4,2,4,3,5,3,1,2,5,1,0,2,1,1,3,2,1,2,1,4,3,5,0,4,3,4,5,4,3,3,5,3,3,3,4,1,2,5,2,1,2,4
RuqfncD5cw,2,2,2,2,2,3,3,3,3,3,2,3,2,2,2,3,2,2,2,3,4,4,3,4,2,3,3,4,4,2,2,4,2,1,1,1,1,2,1,1,1,3,3,2,1,1,3,2,2,2,4,1,2,3,2,3,3,3,3,3,3,3,2,3,3
RWZx4iLyhN,3,2,3,3,2,3,3,3,3,3,2,2,2,4,1,1,4,2,1,1,3,3,4,3,3,3,2,3,3,2,3,3,3,4,1,1,3,2,3,3,3,3,2,2,3,3,4,2,3,2,3,4,3,3,3,2,3,3,2,2,3,3,2,3,3
s1sAV1JqQ2,3,4,3,4,1,4,4,3,3,3,0,5,3,4,0,5,0,0,0,5,4,4,1,4,4,4,4,4,4,1,2,4,3,1,0,3,3,2,3,1,1,2,3,3,2,1,5,2,4,3,5,2,2,4,4,4,4,4,4,3,4,4,4,4,4
SbM6fcsHP9,3,3,3,3,2,3,2,2,2,4,2,2,2,5,2,2,2,1,2,4,4,3,5,3,3,4,3,2,2,3,2,3,2,2,2,2,2,3,1,3,2,4,1,3,2,1,4,2,3,2,4,1,3,3,2,1,3,4,2,4,4,2,1,2,4
sHlsaC5oln,1,2,2,2,0,3,1,3,2,3,2,3,1,3,2,2,1,3,2,2,4,3,3,2,2,3,4,4,2,3,1,3,1,1,2,1,1,1,2,1,2,2,1,1,1,3,3,1,2,2,3,0,3,3,2,4,2,3,3,1,2,1,2,3,2
sJfxVBsVqx,1,3,2,4,3,3,1,3,2,4,1,1,4,3,1,2,1,1,1,1,4,3,3,2,1,2,3,1,3,2,3,0,1,1,0,0,1,3,1,2,2,4,1,1,1,1,3,2,3,4,3,3,1,4,2,4,3,3,2,2,3,4,3,3,3
Sl2sv2Gqeh,3,3,3,3,3,5,3,3,4,3,2,2,3,5,2,5,2,2,2,2,5,5,5,4,3,5,5,5,5,3,4,5,3,3,0,1,3,2,4,5,4,4,4,2,3,2,5,3,5,4,5,3,3,5,3,4,2,3,0,1,2,2,1,0,2
SoNzzbPiZg,2,3,2,3,1,3,1,3,1,1,2,3,4,2,1,2,1,1,1,0,2,3,4,3,2,3,4,1,3,0,1,2,4,4,3,0,2,1,3,3,4,3,1,2,2,1,3,1,3,3,3,1,1,3,1,2,3,2,1,0,3,0,0,1,3
SPYipkoPoE,3,4,5,1,3,2,2,4,3,3,4,4,3,5,2,1,2,2,3,4,4,4,5,1,2,3,2,5,3,3,2,2,4,5,1,3,4,3,3,2,3,2,2,5,5,5,5,5,2,1,5,1,5,4,4,5,0,0,2,2,5,0,0,4,0
SuFb5T8A30,3,2,3,2,2,3,2,2,3,2,3,3,3,4,3,4,2,2,2,2,4,3,3,3,2,3,2,3,3,2,3,3,3,2,2,2,3,3,3,2,3,3,3,2,2,2,4,3,3,3,3,2,2,3,2,3,3,3,2,2,2,2,2,2,3
T1VpcghRSg,3,3,3,3,4,2,3,3,3,4,2,3,2,3,2,2,1,2,3,1,3,3,3,2,2,3,2,3,4,1,4,2,3,2,2,2,2,2,3,2,2,2,2,3,3,2,4,3,3,2,4,2,4,3,2,2,3,2,1,1,2,1,0,3,3
t3fREejxx8,4,3,4,2,2,3,3,4,3,4,3,4,3,4,1,4,1,1,3,3,5,3,5,1,3,3,4,5,4,1,3,3,2,1,0,1,2,3,3,1,2,4,3,1,3,2,5,2,2,2,5,2,2,4,3,4,3,4,3,3,3,2,3,3,3
t3XqeUW6wA,3,4,3,3,3,4,4,3,3,3,3,3,3,5,3,3,2,2,2,3,3,3,3,3,4,4,3,4,5,2,4,3,2,2,2,3,3,2,3,2,2,2,3,2,2,2,2,3,3,3,3,2,0,1,1,4,1,2,1,2,1,1,2,1,1
TAksqmqAHA,3,3,3,3,3,2,2,3,3,3,2,2,3,4,2,2,3,1,1,2,5,4,5,2,4,4,4,4,3,3,3,3,3,3,0,1,3,1,2,4,3,3,3,2,2,2,4,3,2,3,4,1,2,3,2,1,2,2,1,2,3,2,2,1,4
Tc4NliJTod,3,3,3,3,2,3,3,3,3,3,2,2,3,3,2,2,2,1,2,2,3,3,3,3,3,3,3,3,3,2,2,3,2,3,1,2,3,3,3,3,2,3,3,3,3,2,3,2,3,3,3,3,2,2,2,2,2,3,2,2,2,2,2,2,2
TDeawbtQak,2,2,3,2,2,4,4,2,0,4,2,2,4,4,1,2,1,3,2,2,3,2,3,2,2,4,4,5,4,3,3,2,2,2,1,2,2,2,2,3,2,4,0,2,2,3,2,1,2,1,4,2,1,0,1,4,1,1,2,1,3,0,2,3,3
tDRBy4W9Zl,2,3,2,2,1,3,0,3,3,3,3,3,4,5,2,2,2,2,2,3,3,3,1,4,4,4,3,4,5,1,1,3,3,2,0,0,3,2,3,3,3,3,3,0,1,2,3,0,3,3,2,2,1,3,2,2,2,3,1,2,3,1,2,1,3
th4BTTdejn,3,2,3,2,3,3,3,4,4,4,4,4,3,4,3,3,1,2,4,4,4,4,4,1,4,4,4,4,4,2,3,4,2,3,3,2,3,3,2,3,3,4,4,3,3,2,4,3,3,3,3,2,3,3,2,2,3,3,2,2,3,1,2,2,3
tImka2oJfN,2,3,2,2,2,2,3,2,3,2,3,3,2,4,4,4,1,3,3,3,4,4,1,4,3,3,4,3,3,2,4,3,2,3,3,3,2,3,2,1,2,3,3,2,4,1,3,4,3,2,3,3,2,3,3,2,4,3,2,4,4,4,3,4,3
TL8HKOr3Zf,3,2,4,2,1,0,4,3,3,3,1,1,3,4,1,2,0,1,1,4,5,3,3,3,2,0,4,3,1,3,1,3,2,1,0,2,3,1,5,1,4,3,2,3,3,1,5,1,2,3,5,1,1,1,0,2,2,0,0,0,1,2,0,0,1
TLUnMwBi5l,2,2,3,3,2,2,2,2,2,2,2,3,3,2,3,2,2,2,2,2,3,3,3,3,2,2,2,2,3,3,2,2,2,1,2,2,2,2,3,2,1,2,1,1,1,4,1,1,4,2,1,1,1,4,4,4,4,4,4,4,3,4,4,4,3
TpbcYYSWOW,5,4,5,4,3,5,4,5,5,4,2,3,4,5,0,3,2,0,2,3,5,5,5,1,5,2,5,3,5,2,5,5,2,5,0,0,2,4,5,3,2,5,0,2,3,0,5,5,4,5,5,2,3,5,5,5,5,5,5,3,5,3,5,5,5
tpcBuHTdNU,5,3,5,4,3,5,3,5,3,5,5,5,5,5,5,5,0,2,5,5,5,5,5,3,3,3,5,5,4,3,2,3,2,5,0,2,3,3,0,0,5,5,5,2,2,5,5,2,4,0,5,3,3,2,1,0,3,1,5,0,2,1,1,0,4
TR2w4HENvP,2,2,2,3,2,2,2,2,2,3,3,3,3,3,3,2,3,2,3,3,3,3,3,3,3,2,3,3,2,3,2,2,1,3,1,1,2,1,2,2,2,3,2,2,1,3,2,2,2,2,2,2,2,1,1,3,1,2,1,1,2,1,1,1,1
Truv1wIySq,2,2,3,2,2,2,1,3,3,2,3,2,3,3,3,4,0,2,2,3,3,3,3,1,3,3,2,3,2,2,2,3,2,2,1,2,2,3,3,2,2,2,3,2,2,2,3,1,3,3,3,2,2,3,2,3,3,3,3,2,2,3,2,2,3
tvK5iu2cAC,2,3,1,2,3,2,3,3,2,2,2,3,3,2,3,3,2,5,2,3,4,3,3,4,3,2,2,3,0,3,3,4,3,3,2,2,3,2,3,1,1,4,2,2,3,2,2,2,3,3,1,3,3,2,0,3,2,3,4,3,5,0,4,4,3
TVnxSFaRx9,4,3,4,4,3,3,3,4,3,4,4,4,3,5,4,4,1,1,2,3,5,4,4,4,4,3,3,4,3,3,2,4,3,3,2,1,3,4,2,2,2,4,3,2,2,2,4,2,3,4,4,3,2,4,4,4,4,5,4,3,4,4,3,4,4
tw5W7Qbtj0,2,2,3,3,3,2,2,3,3,3,3,3,3,3,2,2,2,2,2,2,3,3,3,2,3,3,3,3,3,2,3,2,3,2,2,2,3,3,3,2,2,3,3,3,3,2,3,3,3,3,3,3,3,3,3,3,3,3,3,3,3,3,2,2,3
tw6WyLKUjk,3,2,3,2,2,2,3,3,3,3,3,3,3,3,3,3,2,3,3,3,3,3,3,2,3,3,2,3,2,3,2,3,3,2,3,2,3,3,3,2,2,2,3,3,3,2,3,2,2,3,3,2,3,3,3,4,3,3,3,3,3,2,3,3,3
Txow5rWPy0,3,2,3,3,2,4,3,3,4,2,2,3,3,3,2,2,1,2,2,3,4,4,3,3,3,4,3,4,4,1,2,3,2,1,1,1,1,3,0,1,1,2,3,3,3,1,2,2,3,3,2,3,3,2,1,3,1,2,2,2,1,1,1,2,2
Ty5Nj7Q7qy,3,3,3,3,4,2,4,3,4,3,3,3,3,4,3,3,2,2,2,3,5,4,5,1,4,3,3,4,4,3,5,4,3,2,2,2,3,3,3,3,2,2,3,4,3,1,5,5,3,3,5,3,4,4,4,3,4,4,3,3,4,3,4,4,4
TYESeRLpLx,3,2,3,3,3,3,2,1,2,2,0,2,2,3,0,2,0,2,1,2,4,3,3,4,4,3,5,4,2,3,2,4,3,4,0,4,3,2,2,3,3,4,3,0,2,3,2,3,2,0,1,3,2,2,2,2,2,1,1,2,2,1,3,3,2
U1n5mct7S5,1,2,1,1,1,3,0,3,2,2,1,3,1,2,3,3,2,3,2,2,1,1,1,2,1,2,3,3,0,2,0,1,0,4,2,1,1,0,1,2,1,1,3,1,1,1,3,2,2,2,3,1,2,2,2,3,2,3,2,1,3,2,2,3,2
UbjSMyY3Yv,0,1,3,4,1,0,1,0,1,1,0,1,4,2,0,0,5,5,0,2,3,3,3,1,4,1,2,2,5,0,2,1,0,3,0,0,0,1,0,4,0,0,1,0,0,5,2,0,2,0,0,0,5,2,0,1,1,1,1,0,2,1,1,1,1
uEIvFLtZoi,4,3,4,3,4,3,3,3,3,3,3,3,4,4,2,2,2,1,2,2,5,4,5,4,5,4,3,3,3,2,4,3,4,3,1,1,4,4,4,3,4,4,3,3,2,1,4,4,4,2,3,4,4,3,3,3,3,3,2,2,3,3,2,3,3
Uf8FnTVt3p,3,2,4,4,0,5,0,2,4,0,3,2,2,4,3,2,4,1,3,0,5,4,5,4,3,5,5,4,1,4,2,3,2,1,0,0,2,3,3,2,5,3,4,2,2,2,3,2,1,0,3,0,4,0,0,3,4,0,1,0,0,0,0,0,3
ugl0jsRbNC,3,3,4,3,2,4,3,4,3,4,3,3,3,4,2,2,3,2,2,1,5,4,4,1,5,4,4,4,4,2,3,5,3,2,1,1,3,2,3,2,1,2,3,3,1,2,3,2,3,2,4,2,1,4,2,3,3,3,2,2,3,2,2,3,2
uHEjgmMMkZ,5,2,2,2,0,2,3,3,5,3,5,3,3,5,5,3,0,1,1,2,0,0,5,4,0,0,0,0,3,1,4,5,2,2,2,1,4,5,3,5,2,4,5,4,1,3,4,1,3,4,4,1,1,4,3,4,3,4,1,3,3,3,3,3,3
Ui7JHRvEE5,2,2,3,2,2,2,2,2,2,2,3,2,3,4,3,2,2,2,3,2,4,5,4,3,3,5,4,5,5,3,3,4,2,3,2,2,2,2,3,3,3,2,2,2,2,3,2,2,2,2,3,2,3,1,2,2,2,2,3,2,2,2,1,2,2
UIdpdp5uyW,1,3,4,1,1,1,3,4,3,3,2,2,4,4,1,3,2,1,1,1,2,2,1,1,1,3,3,2,2,2,1,3,2,3,3,1,1,1,2,2,2,3,2,2,1,2,4,0,2,1,4,2,0,2,1,3,1,3,0,3,2,3,1,3,2
uLlFAYeZox,2,2,3,2,2,2,2,2,2,3,3,3,2,3,2,2,2,2,3,2,4,4,4,1,4,3,3,3,3,4,1,1,2,3,3,2,3,3,2,2,3,3,3,4,2,2,4,4,2,3,3,3,2,2,2,2,2,2,3,2,2,2,2,2,3
UmpBYIjUdl,3,4,2,4,3,3,3,3,3,4,3,3,3,4,3,3,2,1,3,3,3,3,4,3,2,3,3,3,3,4,3,3,3,2,1,3,3,3,3,2,2,2,3,3,3,2,3,3,3,3,4,3,4,3,3,3,3,3,4,3,3,3,3,3,3
UpJavpJjcE,2,3,3,4,0,3,3,3,3,4,2,2,4,5,0,1,1,0,0,1,3,3,3,3,0,3,1,3,4,1,0,0,3,3,1,2,2,1,1,1,3,2,3,1,0,1,3,1,3,2,2,0,3,3,4,1,2,4,2,2,3,1,1,3,3
URtGYUHBPt,3,4,3,4,5,4,2,3,4,2,3,3,4,3,2,1,2,1,2,1,4,4,4,5,2,3,2,4,5,1,4,4,4,4,0,1,4,4,4,4,4,5,3,2,2,0,4,3,3,3,4,2,3,3,2,3,3,3,2,2,3,2,2,3,2
uUfPL4JcDb,2,2,3,2,1,3,1,3,3,2,2,2,2,2,3,3,2,2,2,2,4,3,3,3,4,4,2,3,3,1,2,4,3,1,1,2,3,3,3,2,3,2,2,2,1,2,4,2,3,3,3,3,1,3,3,4,3,3,3,2,3,3,2,2,3
v9BWKdKVcj,3,2,3,3,2,1,5,4,3,2,2,1,3,3,2,3,3,1,1,2,3,4,4,3,2,3,4,5,5,1,4,3,3,4,3,1,3,2,4,3,4,4,3,3,4,3,5,5,4,3,5,2,3,3,2,1,3,4,1,0,4,1,1,1,4
Va5ckik4TH,3,2,3,3,2,2,4,4,4,3,3,1,3,3,3,3,2,4,4,2,3,3,4,4,3,4,1,3,4,3,3,3,5,1,3,5,5,3,1,1,0,1,3,3,5,4,3,3,3,3,5,5,0,2,3,3,3,4,3,2,2,3,2,3,2
vCoMoN0nxn,3,3,3,3,5,3,3,3,4,3,2,2,4,3,2,2,2,2,2,3,5,5,5,5,5,5,3,4,5,2,5,5,3,3,2,2,3,3,3,3,3,3,4,2,3,2,5,5,4,4,5,4,4,3,2,3,2,3,2,2,3,3,2,3,3
vEy2fO8h49,4,4,4,1,2,5,5,4,5,4,3,4,3,5,4,4,2,4,4,3,5,4,3,4,3,4,5,5,2,1,3,4,3,1,2,2,4,3,3,3,2,4,4,4,4,1,4,2,4,4,4,3,4,4,4,4,4,5,3,4,4,4,5,4,5
vfRPyGQCZx,3,3,3,3,3,3,3,2,3,3,3,2,2,2,3,2,2,3,2,2,2,2,4,1,3,2,2,2,2,2,2,3,3,1,2,2,3,2,1,3,3,3,2,3,2,3,3,3,2,3,2,2,2,3,3,3,3,3,3,2,3,2,3,3,2
VHr730jB8J,2,3,3,3,2,2,1,2,3,2,2,1,3,2,2,2,2,2,2,1,3,2,4,3,2,2,1,2,2,1,1,2,2,1,1,1,1,2,1,1,1,1,2,1,1,2,4,2,2,2,3,2,1,3,1,3,3,3,1,1,1,1,3,1,3
vI436RuanV,3,2,2,3,1,2,2,4,3,4,2,2,3,2,2,0,2,2,2,3,2,2,3,3,1,3,2,3,3,1,3,3,4,3,1,1,3,3,3,4,3,4,3,2,2,2,4,2,3,3,3,2,1,3,0,0,0,3,0,0,4,2,2,2,2
vIv6OrKoz2,2,3,2,3,0,2,2,3,3,2,2,0,2,0,0,2,1,1,0,2,4,1,4,2,4,3,1,3,3,4,2,2,1,2,0,0,0,0,1,2,1,1,0,0,2,3,5,0,4,2,4,2,0,3,3,5,1,4,1,3,3,0,3,3,3
VmKpYnqgjR,3,2,3,3,1,2,2,3,3,3,3,3,2,5,3,3,0,2,2,2,5,3,3,4,5,3,4,4,4,2,1,4,3,3,0,0,2,2,2,2,1,5,4,2,1,1,3,0,3,1,4,2,0,3,2,0,3,3,2,0,3,0,0,3,3
VmsMuFbeaR,1,0,2,4,4,3,0,4,2,3,2,4,1,4,3,3,0,2,3,3,4,3,4,2,4,2,4,4,3,1,3,1,4,4,4,4,3,4,1,2,3,3,1,1,0,2,3,1,0,1,3,1,4,1,1,4,1,1,2,0,0,0,1,0,1
vPIgtYfajs,4,3,3,4,4,3,4,3,3,3,4,2,3,4,2,2,2,2,2,4,4,4,4,3,2,4,2,3,3,2,4,4,3,3,2,2,3,4,4,2,3,3,3,4,4,2,4,4,2,3,4,2,3,3,3,3,2,3,2,2,3,3,2,3,4
VSZgUioqaq,2,2,3,3,1,3,3,4,3,2,2,1,3,4,1,1,1,1,1,1,3,4,3,3,3,4,4,4,5,1,1,4,3,4,1,1,1,2,2,4,4,3,3,2,1,2,5,1,3,3,5,2,2,2,1,1,1,2,1,1,1,1,1,2,2
vu5FArxzrO,3,3,3,3,2,4,4,3,4,4,3,2,4,5,2,1,3,1,2,2,5,4,4,4,5,4,5,5,4,2,1,5,2,1,1,2,2,3,3,3,1,2,4,4,4,2,4,1,3,2,4,2,3,4,3,4,3,3,3,1,4,1,3,4,4
vUE4WM0a6y,3,1,3,5,2,3,4,4,4,3,1,1,4,3,4,1,1,1,1,1,5,4,5,4,2,4,4,5,3,3,4,4,4,4,1,1,4,3,4,1,4,3,4,3,2,1,4,4,4,4,4,3,1,4,4,3,3,4,4,5,4,1,0,3,3
vvkJsLuJxS,1,2,3,3,2,2,3,3,1,2,1,1,2,1,1,1,3,2,1,2,4,3,2,3,2,3,4,4,3,3,3,3,3,3,2,1,1,2,4,3,2,2,1,2,3,3,2,2,2,1,3,2,4,3,3,3,3,2,1,2,3,4,3,3,3
vw4j3MUisA,3,2,3,2,3,3,2,3,4,3,4,2,1,4,3,3,3,1,2,4,5,5,5,1,5,4,2,5,5,2,5,5,3,4,1,2,3,1,4,3,3,5,3,2,2,1,5,3,3,4,5,3,5,4,1,2,2,3,3,1,2,5,2,3,4
vynBhGBi1s,4,4,1,1,4,4,4,4,4,4,4,3,4,4,4,4,1,2,2,4,3,3,3,2,3,3,3,2,3,2,3,3,4,1,4,4,4,4,1,1,1,4,4,4,4,1,5,4,4,4,4,4,1,4,4,4,4,4,3,4,4,4,4,4,4
VZCowHra3g,2,4,2,5,1,2,1,4,4,4,0,4,4,5,1,4,0,2,2,3,5,3,3,3,3,0,1,4,0,0,2,1,3,3,2,1,3,2,2,5,4,4,4,2,2,1,3,0,1,1,4,0,1,2,1,4,1,2,1,0,4,0,0,0,0
W1RnB5KtU0,4,4,3,3,4,4,4,4,4,4,4,3,3,4,3,3,1,2,3,3,5,4,3,4,3,4,5,4,3,3,3,3,2,2,2,3,2,4,1,1,2,3,3,4,3,2,5,3,4,4,3,4,3,2,4,4,3,4,3,2,4,3,3,3,4
w72qDVN8wg,2,2,3,2,0,3,2,2,0,3,2,2,2,3,2,1,1,4,2,2,4,2,2,2,1,3,2,2,2,1,1,2,2,1,0,0,2,2,3,1,1,2,0,2,0,1,4,1,4,0,4,2,4,1,0,3,0,0,1,0,0,0,0,0,0
wAdOTkqcVB,4,3,4,4,2,3,2,4,4,4,3,4,4,5,1,1,1,1,1,4,5,5,5,4,4,4,5,4,4,5,4,4,3,1,0,0,3,3,1,0,0,0,5,1,2,0,5,1,3,3,5,1,3,5,3,5,3,3,5,3,5,3,0,3,5
WBFnN7QijX,3,4,3,3,3,4,3,4,3,3,2,3,3,4,3,3,0,2,3,4,4,4,3,3,4,4,3,4,3,1,4,4,2,1,2,1,1,3,2,2,2,2,3,2,2,1,5,3,4,3,4,2,1,3,2,3,3,3,1,1,2,2,1,2,3
wBx9EfPRNm,3,2,3,2,2,3,2,3,4,3,2,2,3,4,2,3,3,2,2,3,4,4,4,4,3,3,4,4,4,3,3,4,3,2,1,2,3,3,2,2,3,3,3,3,2,3,3,2,3,3,2,3,3,3,3,3,3,3,3,3,3,2,3,3,2
wC9vzfHz9r,2,4,2,3,3,3,4,3,5,2,2,3,3,5,2,3,1,2,2,1,4,4,5,5,2,4,3,5,5,2,3,2,4,4,0,1,4,0,3,5,3,5,4,3,2,0,5,3,3,4,4,2,3,3,2,4,1,3,1,1,3,2,1,2,1
Wd9c3i4uAE,4,4,1,1,0,4,5,5,0,4,5,3,3,2,3,2,0,5,2,5,5,5,0,3,5,5,5,5,3,0,3,5,2,2,5,3,3,2,2,0,3,5,5,0,3,0,5,0,0,0,2,5,5,4,4,2,4,2,3,1,4,2,2,4,2
WeT99tUzeG,3,4,4,4,3,4,3,3,2,3,2,2,3,5,2,1,2,1,2,2,5,5,5,5,3,4,2,3,4,0,5,3,3,1,2,1,3,3,2,1,2,3,1,4,3,1,5,4,4,3,5,3,0,3,3,5,4,4,1,3,3,3,1,4,4
WHdkQk72cE,4,1,4,1,0,4,2,3,3,4,2,1,4,4,2,3,0,0,1,3,4,5,5,4,4,5,5,5,4,2,2,5,3,2,1,0,2,3,4,1,2,2,4,1,2,0,5,2,2,4,4,0,1,3,2,3,1,3,1,1,4,2,1,2,1
wKRNI6mFmA,3,4,5,4,3,4,4,4,3,3,5,5,5,5,4,4,0,3,5,4,5,5,5,4,5,4,4,5,5,3,4,5,4,3,1,2,4,3,4,4,4,4,2,3,2,1,5,3,3,4,5,3,0,3,4,4,3,3,2,4,3,4,2,2,4
wL1uDbjB9E,3,3,2,2,3,3,3,3,3,3,3,3,3,3,3,3,2,3,3,3,3,3,3,3,3,3,3,3,3,2,3,3,3,2,2,3,3,3,3,2,2,3,3,3,3,2,3,3,3,3,3,3,2,2,2,2,2,2,2,2,2,2,2,4,2
WlvX1C1Cty,2,3,3,3,2,2,1,3,3,4,3,3,3,5,1,1,3,2,2,3,4,4,4,4,1,2,4,3,2,3,2,1,2,0,1,1,2,2,2,1,1,2,2,3,2,2,5,1,2,2,4,2,3,2,2,2,2,4,2,1,2,1,2,3,3
WLXinkAQgY,3,4,4,4,3,3,3,3,3,3,3,3,3,4,3,3,2,4,3,2,4,3,3,3,3,3,3,3,3,2,3,3,3,1,1,4,3,3,3,2,2,2,3,3,1,1,1,1,3,4,2,1,2,4,4,3,3,3,2,1,3,1,3,3,3
WNYnXcivgX,3,3,2,2,2,3,2,3,2,3,2,3,2,3,3,3,2,3,2,2,4,4,3,4,4,4,4,4,4,4,2,4,3,3,2,3,4,3,1,2,3,3,3,1,1,2,2,2,4,3,2,3,3,3,3,2,3,3,2,3,2,3,2,3,3
Wr9gIWKrsy,0,0,5,5,0,0,0,0,0,0,0,0,5,0,0,5,5,0,5,0,0,0,5,0,0,0,0,0,0,5,0,0,0,5,0,0,0,0,5,5,5,0,0,0,0,5,0,0,0,0,5,0,5,0,0,0,0,0,5,0,0,0,0,0,0
WtjTWDPc9L,4,4,2,3,0,3,2,1,4,4,3,1,1,3,2,2,4,1,1,1,4,4,4,1,1,4,5,4,4,0,5,4,2,0,1,0,2,1,1,1,4,2,2,2,2,4,2,1,0,2,3,1,2,4,2,4,3,1,3,2,2,1,1,1,2
WXDrmipBND,4,3,4,4,3,5,5,4,4,4,4,3,3,4,3,4,1,3,4,4,5,5,5,1,4,4,5,4,4,3,4,4,3,0,1,3,2,3,3,1,1,3,3,1,1,1,3,1,3,2,3,1,1,4,3,4,3,3,3,2,3,3,2,3,3
X1D8zzWuCf,3,3,2,2,3,3,3,2,3,3,3,3,3,2,2,3,3,3,2,3,3,3,3,3,2,2,3,3,3,2,3,2,3,2,3,3,2,2,2,2,3,3,3,4,2,2,4,2,2,3,3,3,0,3,2,3,3,2,2,3,3,2,1,3,3
x1Qmew2slZ,4,4,1,1,1,4,4,4,4,4,4,4,4,4,4,4,1,4,4,4,4,4,2,4,4,4,4,4,4,1,4,4,3,2,3,3,3,3,1,1,2,1,4,4,4,1,4,4,4,3,2,4,1,4,4,4,4,3,1,4,4,4,4,4,4
X5xcxJ7jXT,3,3,2,2,3,3,3,3,3,3,2,3,3,3,3,3,2,3,4,3,3,3,2,3,3,3,2,3,3,2,3,3,3,2,3,2,3,3,2,2,2,3,3,3,2,2,3,3,2,3,3,3,2,3,3,2,3,3,3,3,3,3,3,3,3
XBGJeeJbXe,4,2,3,3,2,1,3,3,4,2,3,3,2,4,2,3,1,2,2,1,4,3,3,4,4,3,3,3,3,3,2,3,3,4,2,1,3,3,3,3,3,4,3,2,3,2,3,2,0,3,3,3,3,2,1,1,1,2,2,1,1,1,1,1,1
xc1KEfeytQ,4,1,2,3,1,4,3,3,2,3,2,3,3,3,2,3,0,1,3,3,5,4,4,1,2,4,4,4,5,3,4,4,2,3,1,1,3,2,2,3,2,2,3,3,3,2,5,2,3,2,5,2,4,3,3,4,2,4,2,1,4,3,1,3,3
XdLby6vUTB,3,4,3,4,3,4,3,3,3,3,3,4,2,4,3,3,0,3,2,4,5,4,3,3,5,4,3,4,5,2,2,4,1,1,1,1,2,1,3,2,2,3,3,2,3,1,5,4,4,3,5,2,1,3,3,4,3,4,3,3,4,1,3,3,4
xh3sbG2HTT,3,1,3,1,1,4,1,3,3,4,2,3,3,4,0,5,0,1,0,1,5,4,4,2,4,5,1,4,4,0,1,3,2,1,0,1,3,3,1,1,1,2,3,1,0,1,4,2,3,1,3,1,1,1,1,3,1,1,1,0,0,3,0,2,3
xJtxFlSesn,3,3,4,3,4,3,2,3,3,2,3,3,3,3,2,2,2,2,2,2,4,4,5,3,3,3,3,3,2,2,5,2,3,2,1,2,2,3,3,2,2,3,3,1,3,2,3,4,3,2,2,0,3,3,2,4,2,2,2,2,3,2,2,2,2
xMiZtti24v,2,2,3,3,2,2,3,3,2,3,3,3,3,3,2,2,2,2,3,2,4,3,2,3,3,3,2,3,3,2,2,2,2,2,3,2,2,2,2,2,1,2,2,2,2,2,4,2,2,2,3,2,1,3,2,3,3,3,4,2,2,3,2,2,4
XO0csCPs5c,2,2,3,3,3,1,2,2,2,1,3,2,3,2,4,4,2,3,3,2,3,3,4,3,3,3,3,4,3,1,3,3,2,2,3,2,1,2,2,2,2,1,3,1,2,3,3,2,3,1,4,3,2,1,0,2,3,0,0,2,1,1,1,1,0
XSdtOJAsP0,3,3,3,3,3,3,2,3,3,3,3,2,3,3,3,2,2,3,2,3,3,3,4,1,3,3,3,3,3,2,4,3,3,3,2,2,3,3,3,3,3,3,2,2,2,2,3,3,2,3,3,3,2,2,2,4,2,2,2,2,2,2,1,1,2
xvdk1i52gn,2,3,2,3,2,2,3,2,3,2,3,3,3,2,2,3,2,3,3,3,4,4,4,4,4,2,3,4,3,1,1,3,1,1,2,3,1,2,2,2,2,2,2,2,3,3,2,2,2,2,3,3,2,4,4,4,4,4,5,4,5,4,3,4,4
xXi9ShtafD,4,4,5,4,3,4,4,4,3,3,4,4,5,5,3,4,1,1,3,4,5,5,5,5,5,4,4,4,4,2,3,4,3,2,2,2,2,3,3,2,2,3,4,2,2,0,5,3,4,3,5,3,4,4,2,4,3,2,3,4,3,4,3,3,4
y95ylFGC9g,5,5,0,5,5,5,5,5,5,2,4,5,4,5,5,4,0,1,4,5,5,5,5,1,5,4,5,5,3,4,5,5,5,1,2,2,5,5,0,3,1,0,2,4,2,1,5,5,4,4,5,4,4,3,1,1,1,4,3,4,3,1,4,3,3
YBmZqtI7KQ,2,2,2,4,0,4,1,2,3,2,2,3,2,4,2,2,1,2,1,3,5,2,4,4,5,3,3,3,4,0,2,3,1,2,0,2,1,2,1,2,1,3,3,1,1,0,4,0,3,2,4,0,2,4,2,2,3,3,1,2,4,4,2,0,0
YbQUaT5L2x,3,3,3,3,3,3,3,4,3,3,3,2,3,4,2,2,3,2,2,2,3,3,4,3,3,4,5,5,4,4,3,3,3,3,1,2,3,2,2,2,3,4,3,3,3,2,4,3,3,3,3,3,3,3,3,3,3,3,3,3,3,3,3,3,3
yDEk3CdIeW,3,3,2,2,3,3,3,3,3,3,3,3,3,4,3,3,2,3,4,4,3,3,2,3,3,3,3,3,3,1,3,4,3,2,3,3,3,4,2,2,2,3,3,3,3,2,3,3,3,3,2,3,2,3,3,3,3,3,2,3,3,3,4,3,3
ydltv5euoY,3,1,3,2,1,2,2,2,3,4,2,2,1,4,1,1,3,2,1,2,4,4,4,1,3,4,4,4,2,4,1,3,3,4,1,2,3,1,2,4,4,4,2,1,2,2,3,1,3,2,3,0,3,2,2,3,1,2,1,0,1,2,0,2,2
YgDElYfvE0,3,4,3,3,2,2,2,4,2,3,2,3,3,3,2,3,2,2,2,2,3,3,3,3,2,2,0,3,4,0,2,2,2,3,2,1,2,2,2,3,3,2,2,2,2,2,3,2,2,3,3,2,2,2,2,2,3,2,2,2,3,2,3,2,3
yJsQQBfQez,3,3,2,2,3,3,3,3,3,3,3,3,3,3,3,3,2,3,3,3,3,3,2,2,3,3,4,3,3,2,3,3,3,2,3,3,3,3,2,2,2,3,3,3,3,2,3,3,3,3,2,3,2,3,3,3,3,3,4,3,3,3,3,3,3
yKRggPRMUp,4,4,3,3,3,4,3,4,3,3,4,3,4,4,4,4,1,2,1,3,3,4,4,1,3,4,5,4,4,3,3,3,3,0,4,4,2,3,3,2,3,1,4,3,2,2,5,3,3,3,5,3,2,4,4,3,3,4,4,2,3,3,3,4,3
yLa0J5HdQd,2,3,2,3,2,2,3,3,2,3,3,2,3,3,3,3,3,2,3,3,3,3,3,3,3,3,4,3,3,1,3,2,3,2,0,1,2,0,1,2,3,5,3,2,3,1,5,2,3,2,3,0,3,2,3,3,2,3,2,2,5,3,3,3,3
yNqSRBjRWk,4,4,3,4,1,2,4,4,3,5,4,4,3,4,4,5,0,2,3,5,4,4,3,4,4,4,4,5,4,3,4,4,4,1,2,4,3,4,3,1,3,4,4,5,2,1,5,2,3,4,5,4,4,3,2,4,4,4,1,3,4,2,4,4,3
yQHckuQMbN,3,4,4,2,4,4,4,4,4,4,4,4,4,5,3,4,1,3,3,4,5,4,4,2,3,5,4,5,4,1,4,4,3,2,1,4,3,3,3,1,4,4,1,4,2,2,4,3,4,2,4,3,3,4,3,4,4,4,2,3,4,4,2,4,4
ySeMlxd4vL,3,3,2,2,2,3,3,3,3,3,2,2,3,3,3,3,3,2,2,2,3,3,3,2,3,3,3,3,3,2,2,2,1,1,1,2,1,2,1,2,1,1,3,2,1,1,1,1,3,3,1,1,1,2,3,2,1,3,3,2,3,1,2,3,2
YVVSLbcp13,2,1,3,1,2,2,2,2,4,2,1,4,1,1,1,1,1,4,1,4,1,1,3,1,1,1,4,4,1,4,1,4,1,1,1,1,1,2,4,1,1,1,1,2,1,1,4,2,1,1,5,1,3,2,3,4,4,3,2,3,3,3,3,3,3
YZhJwKfDWQ,4,4,5,3,1,3,3,3,3,3,3,2,4,5,2,1,1,1,3,1,5,5,5,5,5,3,5,5,4,2,2,5,4,3,1,2,3,2,4,3,2,4,3,3,4,1,4,1,3,3,4,2,5,3,2,4,1,4,1,2,3,1,2,1,2
yzsKhZTniG,4,4,5,5,4,3,3,4,4,5,2,2,3,5,0,3,4,0,0,3,5,4,5,4,3,4,3,4,5,1,5,4,2,2,1,1,2,3,3,2,2,2,4,2,3,2,5,4,3,3,5,3,3,5,4,5,4,5,5,3,5,4,4,5,5
Z38BmiAK3J,2,3,2,5,2,3,2,2,0,4,1,1,3,3,0,0,0,1,1,0,3,4,4,3,3,3,3,2,3,3,2,2,2,3,2,2,2,2,2,2,2,2,0,0,1,2,3,2,2,1,2,0,3,3,2,3,3,3,1,3,1,3,1,3,3
z5y4VEoG26,4,3,3,3,4,4,4,5,4,4,3,4,4,4,4,4,2,2,3,4,4,4,5,4,4,4,1,3,4,4,4,4,3,1,2,4,2,3,3,1,1,2,4,3,4,1,3,3,4,4,4,3,4,4,4,4,4,4,3,4,4,4,4,4,4
z6iopvzvjy,3,3,2,2,3,3,3,3,3,3,3,3,3,3,3,3,2,3,3,3,3,3,2,3,3,3,3,3,3,2,3,3,3,2,3,3,3,3,2,2,2,3,3,3,3,2,3,3,3,3,3,3,2,3,3,3,3,3,2,3,3,3,3,3,3
Z7gazDSeSn,4,2,4,2,2,3,4,4,3,3,4,3,3,5,3,3,2,2,2,3,4,4,4,4,5,4,4,4,4,2,2,4,4,4,1,1,4,4,4,3,4,4,4,4,4,1,4,2,4,4,4,4,4,3,1,2,1,2,0,1,3,1,2,2,3
zaUXaRbwlT,3,2,3,2,2,1,2,3,3,3,2,2,2,3,2,1,1,1,1,3,3,3,4,4,1,2,3,3,2,2,2,3,1,1,1,1,1,2,2,1,1,2,2,2,3,2,1,2,2,2,1,2,1,3,3,4,3,3,3,2,3,2,3,3,2
ZBxL6oXiRu,2,3,3,3,2,3,2,3,3,2,2,2,2,3,2,2,1,3,3,2,5,3,3,3,5,2,2,3,3,0,2,2,1,3,1,1,3,3,3,3,3,3,3,2,3,2,3,2,2,3,3,3,1,5,5,3,3,5,3,4,4,3,4,5,5
ZFWVAILhG9,2,2,2,2,2,3,2,3,3,3,2,3,3,3,2,4,1,1,2,1,3,3,3,3,2,4,3,3,2,2,3,3,1,1,2,2,2,2,2,2,2,2,2,1,3,0,4,3,4,3,5,2,0,1,1,3,1,1,2,1,1,1,1,1,1
zhkne19RKA,2,3,3,2,2,2,3,3,2,3,2,2,3,3,2,2,1,2,2,3,3,3,3,2,3,2,2,3,4,2,2,2,2,2,2,2,2,2,2,1,1,2,3,2,1,4,3,2,2,3,4,2,1,3,3,3,2,2,2,3,4,3,2,3,3
zjtCvlvebK,3,3,3,4,3,3,3,3,3,3,3,3,3,4,3,3,2,3,3,4,4,4,4,5,3,4,3,4,5,3,5,5,3,2,1,1,3,3,5,0,4,3,3,3,3,2,4,3,3,3,5,4,4,3,3,4,3,3,3,2,3,3,1,3,3
zKUc7c91aC,2,3,3,2,2,2,3,3,2,2,3,2,2,4,2,2,2,2,2,2,3,3,3,3,2,2,3,3,2,3,2,2,2,2,2,2,2,2,2,2,2,2,2,2,2,2,3,2,2,2,2,2,2,3,2,3,2,2,2,3,2,1,1,3,1
zLntwDiKkl,2,2,3,1,3,3,2,3,2,2,1,1,2,1,1,1,1,1,1,1,2,2,2,3,2,2,3,3,2,2,3,3,1,1,1,1,1,2,1,0,0,3,2,2,2,4,3,2,2,1,3,1,3,2,2,3,2,3,1,2,2,2,2,3,2
zREge62I9O,4,4,4,4,3,5,4,4,2,4,4,4,4,4,4,4,2,0,4,4,4,4,5,4,4,4,4,4,4,4,4,4,3,2,1,4,4,4,4,1,4,3,4,4,4,1,4,3,4,4,4,4,4,4,4,4,4,3,4,4,4,4,4,3,4
zSzRvhn5DI,1,2,2,2,0,2,1,3,3,1,2,2,2,3,1,1,2,1,1,1,2,3,4,3,1,1,3,3,1,1,0,2,1,2,0,2,2,2,0,2,1,1,3,1,0,4,3,0,1,3,3,2,3,2,0,3,1,2,1,2,0,0,1,2,4
ZTTZ4cRcf1,2,2,2,2,2,2,2,2,2,2,2,2,2,3,2,2,2,3,2,2,2,2,3,3,3,2,2,3,2,3,2,2,2,2,2,2,2,2,3,2,3,2,2,2,2,3,2,2,2,2,2,2,2,3,3,3,3,3,3,2,3,2,3,3,3
