file,id,datetime
001SSMS_entire_exp_2022-05-31_18h24.17.csv,001SSMS,2022-05-31 18:24:17
003SSKS_entire_exp_2022-06-16_20h02.35.389.csv,003SSKS,2022-06-16 20:02:35
004SSDR_entire_exp_2022-06-02_21h35.09.567.csv,004SSDR,2022-06-02 21:35:09
005SSDR_entire_exp_2022-05-31_20h43.50.910.csv,005SSDR,2022-05-31 20:43:50
006SSEE_entire_exp_2022-06-02_22h14.18.092.csv,006SSEE,2022-06-02 22:14:18
007SSJM_entire_exp_2022-06-01_15h12.27.341.csv,007SSJM,2022-06-01 15:12:27
008SSEP_entire_exp_2022-09-15_21h36.55.631.csv,008SSEP,2022-09-15 21:36:55
009SSAP_entire_exp_2022-06-04_15h48.30.436.csv,009SSAP,2022-06-04 15:48:30
010SSEA_entire_exp_2022-06-07_24h08.05.064.csv,010SSEA,2022-06-07 24:08:05
011SSAB_entire_exp_2022-06-01_14h54.48.csv,011SSAB,2022-06-01 14:54:48
012EROP_entire_exp_2022-07-14_20h26.20.219.csv,012EROP,2022-07-14 20:26:20
013ERVB_entire_exp_2022-06-23_15h53.22.750.csv,013ERVB,2022-06-23 15:53:22
014ERAI_entire_exp_2022-06-16_13h57.46.683.csv,014ERAI,2022-06-16 13:57:46
015ERIG_entire_exp_2022-08-17_23h56.01.csv,015ERIG,2022-08-17 23:56:01
016ERSA_entire_exp_2022-06-16_14h19.07.981.csv,016ERSA,2022-06-16 14:19:07
017ERVZ_entire_exp_2022-08-20_16h11.35.184.csv,017ERVZ,2022-08-20 16:11:35
019ERSM_entire_exp_2022-06-18_21h43.19.372.csv,019ERSM,2022-06-18 21:43:19
021SSAZ_entire_exp_2022-07-15_03h19.45.491.csv,021SSAZ,2022-07-15 03:19:45
022ERVS_entire_exp_2022-07-15_21h42.11.588.csv,022ERVS,2022-07-15 21:42:11
023ERRS_entire_exp_2022-07-11_18h59.41.csv,023ERRS,2022-07-11 18:59:41
024SSSV_entire_exp_2022-07-24_18h50.18.841.csv,024SSSV,2022-07-24 18:50:18
025ARAS_entire_exp_2023-05-02_19h18.58.479.csv,025ARAS,2023-05-02 19:18:58
026SSDM_entire_exp_2022-07-16_12h26.44.968.csv,026SSDM,2022-07-16 12:26:44
027ARDB_entire_exp_2022-07-18_10h37.13.819.csv,027ARDB,2022-07-18 10:37:13
029SSDL_entire_exp_2022-07-16_09h09.20.517.csv,029SSDL,2022-07-16 09:09:20
030SSPM_entire_exp_2022-08-17_21h31.18.058.csv,030SSPM,2022-08-17 21:31:18
031SSAS_entire_exp_2022-07-16_08h00.03.221.csv,031SSAS,2022-07-16 08:00:03
032SSAP_entire_exp_2022-07-17_13h28.21.518.csv,032SSAP,2022-07-17 13:28:21
033SSML_entire_exp_2022-07-26_18h52.18.365.csv,033SSML,2022-07-26 18:52:18
035SSDD_entire_exp_2022-08-14_12h43.23.036.csv,035SSDD,2022-08-14 12:43:23
037ARDL_entire_exp_2022-07-16_22h20.51.764.csv,037ARDL,2022-07-16 22:20:51
038AREN_entire_exp_2022-07-19_11h25.52.006.csv,038AREN,2022-07-19 11:25:52
039ARVP_entire_exp_2022-08-08_15h15.43.173.csv,039ARVP,2022-08-08 15:15:43
040ARKK_entire_exp_2023-04-23_17h12.22.533.csv,040ARKK,2023-04-23 17:12:22
042SSAA_entire_exp_2022-08-17_14h03.26.713.csv,042SSAA,2022-08-17 14:03:26
045SSEM_entire_exp_2022-08-17_14h07.54.819.csv,045SSEM,2022-08-17 14:07:54
046SSVS_entire_exp_2022-08-20_13h21.07.492.csv,046SSVS,2022-08-20 13:21:07
047SSAK_entire_exp_2022-08-20_23h14.23.266.csv,047SSAK,2022-08-20 23:14:23
048SSAG_entire_exp_2022-08-18_20h28.36.828.csv,048SSAG,2022-08-18 20:28:36
050SSAA_entire_exp_2023-04-21_13h38.45.765.csv,050SSAA,2023-04-21 13:38:45
052SSME_entire_exp_2022-08-26_10h32.55.991.csv,052SSME,2022-08-26 10:32:55
053SSAF_entire_exp_2022-08-25_21h56.58.660.csv,053SSAF,2022-08-25 21:56:58
054SSEB_entire_exp_2022-08-25_18h20.01.028.csv,054SSEB,2022-08-25 18:20:01
055SSNS_entire_exp_2022-08-27_10h54.17.951.csv,055SSNS,2022-08-27 10:54:17
056SSKA_entire_exp_2022-08-26_10h55.02.575.csv,056SSKA,2022-08-26 10:55:02
058SSAB_entire_exp_2022-09-01_19h07.29.229.csv,058SSAB,2022-09-01 19:07:29
059SSAS_entire_exp_2022-08-28_11h50.43.886.csv,059SSAS,2022-08-28 11:50:43
062SSON_entire_exp_2022-09-03_18h24.04.978.csv,062SSON,2022-09-03 18:24:04
063SSMP_entire_exp_2022-08-31_09h41.09.233.csv,063SSMP,2022-08-31 09:41:09
064SSAB_entire_exp_2022-09-09_24h56.58.121.csv,064SSAB,2022-09-09 24:56:58
065SSTM_entire_exp_2022-09-08_13h04.21.029.csv,065SSTM,2022-09-08 13:04:21
066SSKA_entire_exp_2023-04-20_19h55.36.813.csv,066SSKA,2023-04-20 19:55:36
067SSDA_entire_exp_2022-09-08_15h14.26.648.csv,067SSDA,2022-09-08 15:14:26
068SSMT_entire_exp_2022-09-08_14h02.24.512.csv,068SSMT,2022-09-08 14:02:24
069SSMV_entire_exp_2022-09-09_15h05.56.561.csv,069SSMV,2022-09-09 15:05:56
070SSAK_entire_exp_2022-09-08_15h22.31.854.csv,070SSAK,2022-09-08 15:22:31
071SSEB_entire_exp_2022-09-13_13h34.34.403.csv,071SSEB,2022-09-13 13:34:34
073SSMS_entire_exp_2022-09-17_12h41.16.219.csv,073SSMS,2022-09-17 12:41:16
074SSKS_entire_exp_2022-09-09_08h40.26.331.csv,074SSKS,2022-09-09 08:40:26
076SSRK_entire_exp_2022-09-10_24h29.10.709.csv,076SSRK,2022-09-10 24:29:10
077SSKK_entire_exp_2022-09-09_18h47.59.035.csv,077SSKK,2022-09-09 18:47:59
078SSRR_entire_exp_2023-04-23_12h12.09.879.csv,078SSRR,2023-04-23 12:12:09
079SSRR_entire_exp_2022-09-18_20h01.24.482.csv,079SSRR,2022-09-18 20:01:24
080SSAF_entire_exp_2022-09-09_18h48.13.239.csv,080SSAF,2022-09-09 18:48:13
083SSAN_entire_exp_2022-09-10_09h01.25.268.csv,083SSAN,2022-09-10 09:01:25
086SSAI_entire_exp_2022-09-09_19h50.26.340.csv,086SSAI,2022-09-09 19:50:26
087SSVC_entire_exp_2022-09-17_17h38.47.991.csv,087SSVC,2022-09-17 17:38:47
088SSDR_entire_exp_2022-09-16_17h28.38.834.csv,088SSDR,2022-09-16 17:28:38
089SSDM_entire_exp_2023-04-25_14h12.30.529.csv,089SSDM,2023-04-25 14:12:30
091SSJP_entire_exp_2022-09-14_23h28.30.070.csv,091SSJP,2022-09-14 23:28:30
092SSAG_entire_exp_2022-09-10_16h20.00.504.csv,092SSAG,2022-09-10 16:20:00
093SSEG_entire_exp_2022-09-14_17h20.12.899.csv,093SSEG,2022-09-14 17:20:12
095SSVH_entire_exp_2022-09-15_24h16.25.521.csv,095SSVH,2022-09-15 24:16:25
096SSMR_entire_exp_2023-05-06_17h41.53.790.csv,096SSMR,2023-05-06 17:41:53
097SSAO_entire_exp_2022-10-30_20h04.41.269.csv,097SSAO,2022-10-30 20:04:41
098SSDM_entire_exp_2023-04-23_16h09.02.953.csv,098SSDM,2023-04-23 16:09:02
099SSDA_entire_exp_04-20-2023_18h41.33.261.csv,099SSDA,NA
100SSNT_entire_exp_2023-04-25_13h53.44.583.csv,100SSNT,2023-04-25 13:53:44
101SSOK_entire_exp_2023-04-25_15h56.39.280.csv,101SSOK,2023-04-25 15:56:39
104SSAM_entire_exp_2022-10-30_21h32.22.451.csv,104SSAM,2022-10-30 21:32:22
106SSVV_entire_exp_2022-12-15_19h50.09.372.csv,106SSVV,2022-12-15 19:50:09
107SSIS_entire_exp_2023-01-28_01h20.55.238.csv,107SSIS,2023-01-28 01:20:55
